lng,lat
-73.9736257,40.7483538
-73.862301,40.7683283
-73.98983095,40.74165797
-73.96398512,40.77454781
-74.00523046,40.7403479
-122.2547569,38.1525542
-122.4241597,37.79972867
-122.4212398,37.7647888
-73.98318906,40.75860955
-73.9166393,40.8694177
-73.6029344,40.6995277
-73.52801959,40.76718081
-122.3997394,37.7980076
-122.4140934,37.78661091
-122.3978223,37.79207562
-73.76502846,41.02855952
-73.99111671,40.75030509
-73.9826946,40.7604169
-73.52747619,40.77014528
-73.69583493,40.65075228
-71.112309,42.3882511
-73.9825202,40.7422923
-73.9825202,40.7422923
-73.590612,40.7422724
-73.6408439,40.7489593
-74.00072037,40.75224765
-122.3954015,37.7768939
-122.5304045,37.97338431
-73.5357037,40.741637
-73.5357037,40.741637
-73.99138528,40.75055891
-73.650866,40.7535785
-73.9942633,40.7600461
-122.3908566,37.78283013
-122.3843125,37.615704
-73.99509839,40.72251755
-122.3964956,37.79385356
-73.64075352,40.74066196
-73.64075352,40.74066196
-122.4089403,37.79304811
-73.8969862,40.9148314
-73.69106879,40.75933088
-122.2883757,38.2972534
-122.1091514,37.89605539
-73.5340433,40.7798112
,
-73.9727927,40.7805557
-73.47742894,40.81348512
-73.83712842,41.06127409
-73.83712842,41.06127409
-73.83712842,41.06127409
-73.6372522,40.7046991
-73.6113251,40.7319857
-73.86584935,40.77085694
-73.64046668,40.74065125
-71.32828866,41.97707692
-122.4006024,37.78737265
-122.4006024,37.78737265
,
-122.3839239,37.6167955
-71.07443721,42.35098823
-122.4300098,37.79779457
-122.4300098,37.79779457
-121.944089,37.7243296
-73.52771929,40.76712814
-73.52771929,40.76712814
,
,
-73.9892076,40.7479116
,
,
-73.93737752,40.80523873
-71.0595303,42.3533158
-74.00444965,40.73062942
-73.9957084,40.7391366
-74.0092992,40.653552
-122.4054323,37.77452587
-73.7704146,40.67093936
-122.465506,37.7518688
-73.97284103,40.75505689
-122.0267152,37.04579739
-122.4206343,37.78533795
-73.77350119,41.03040349
-73.67243132,40.77386789
-73.5268354,40.76479243
-73.60976469,40.67803985
-73.60976469,40.67803985
-73.52751651,40.76690345
-73.6905523,40.6664803
-73.77484107,41.03312087
-73.96301849,40.75799261
-73.6468242,40.6565079
-122.3960946,37.77334705
-73.5868015,40.7534962
-73.76506629,41.02879679
-73.62304047,40.78640764
-73.6456648,40.65549836
-73.59003084,40.73047344
-74.0000041,40.7427434
-73.64073163,40.74071076
-73.98705603,40.75606423
-73.6823322,40.6334629
-73.5276235,40.7671293
-73.82979929,40.95053913
-73.97054006,40.78580076
-73.96540498,40.76028791
-122.4272302,37.79340172
-73.95448906,40.77313594
-73.642439,40.76464977
-73.65679078,40.74145868
-73.65679078,40.74145868
-122.0409485,36.96306629
-73.6562778,40.7709956
-73.96781612,40.68047878
-73.69029756,40.70783701
-73.9945815,40.7505191
-122.4612643,37.69450955
-73.94806907,40.71124464
-73.59917251,40.70230276
-73.95439158,40.72831648
-73.96047831,40.76166072
-73.96047831,40.76166072
,
-73.6243063,40.7107449
-73.63264393,40.74107755
-73.79025816,40.64605929
-73.59920942,40.70228717
-73.70929977,40.68083022
-73.69523315,40.68819002
-122.4744464,37.7550247
-73.9851166,40.7482351
-73.9899021,40.7154391
-73.6632816,40.75659843
-122.432079,37.7892123
-122.3950638,37.77430552
-73.6501219,40.7057997
-73.6393752,40.7920003
-73.66328459,41.00078669
-122.4190546,37.79264182
-73.609596,40.712528
-73.609596,40.712528
-73.63360666,40.72543035
-73.60522178,40.71974058
-122.4353413,37.79633274
-73.61963899,40.74918386
-73.9765091,40.7888235
-73.66327934,40.7518086
-73.66327934,40.7518086
-122.4006089,37.79113655
-73.9973756,40.7242674
-122.3840136,37.6172436
-122.4033159,37.7952378
-73.9849869,40.7561383
-73.83314366,41.05966032
-73.83314366,41.05966032
-73.7271598,40.7748035
-73.6458715,40.76074376
-122.4575121,37.7773564
-73.97517851,40.75765878
-73.64086771,40.7406404
-122.4082594,37.78637877
-73.69506776,40.66722831
-73.5097865,40.7543284
-122.4034922,37.7851113
-122.4036238,37.79257212
-73.5276473,40.767224
-73.5302052,40.7925662
-73.5177917,40.769225
-73.939295,40.7009699
-122.4123455,37.7824908
-73.5893012,40.7079545
,
-73.6157574,40.73640955
-73.6157574,40.73640955
-73.9086247,40.8737911
-74.00011112,40.73491383
-122.4039772,37.79272463
-73.6154252,40.7408798
-73.6406749,40.74067581
-71.06421195,42.35356732
-73.6010251,40.7342145
-73.99572707,40.69518426
,
-73.9532527,40.7759876
-122.4210083,37.75851946
-73.85538785,40.73587132
-122.2729847,37.80947831
-122.2978592,37.81026988
-73.6007842,40.8022542
-74.0054863,40.7407095
-122.4029934,37.78801071
-122.4315179,37.777168
-122.4167676,37.80618467
-122.4016695,37.7891355
-73.99096813,40.74541808
-74.0106395,40.72016656
-73.90444844,40.83361803
,
-122.4031793,37.78528054
-122.1984623,37.75481537
-74.0035644,40.7412764
-73.98685084,40.72253125
-73.9820501,40.7791945
-73.94839634,40.73049033
-122.4071934,37.7833081
-73.99204879,40.75412457
,
-73.7261862,40.7262458
,
,
-73.62905798,40.74803956
-73.99099997,40.75047578
-73.64079944,40.74067987
-73.64079944,40.74067987
-73.64079944,40.74067987
-73.5722697,40.6597089
-73.6825281,40.9858601
-122.3844311,37.615636
-121.8892077,37.3269109
-121.9622543,37.40425661
-73.7075468,40.6519806
-73.56980884,40.77108729
-73.56880477,40.65176976
-73.59060081,40.71720032
-73.6377926,40.73980337
-73.81627844,41.0923036
-73.83425913,40.83767567
-73.7021135,40.6597977
-122.4002522,37.78870601
-73.76534044,41.02926926
-70.9892318,42.2373981
-73.69946237,40.79667098
-73.77478833,41.03305167
-73.96564353,40.75882472
-73.97737451,40.7852744
-122.3948947,37.7769621
-122.4183947,37.7717724
-73.64125592,40.74065334
-73.93273928,40.79555548
-73.6218523,40.7424083
-71.0724182,42.3550878
-71.0854657,42.3378449
-74.00535045,40.7286914
-73.6797987,40.7332687
-122.2888956,37.8266096
-73.9945796,40.7505075
-71.0636528,42.3447962
-73.63507653,40.68355154
-73.63507653,40.68355154
-73.9096055,40.6390638
-73.98299248,40.74219658
-73.99464461,40.69982417
-73.6556425,40.7054646
-73.84509819,40.96102749
-122.3979959,37.79143334
-73.5987991,40.713753
-73.9923522,40.7640224
-73.97655702,40.75484105
-73.7027843,40.6700051
-73.7746736,41.03355501
-121.8897919,37.33652819
-73.640422,40.7407788
-73.6160819,40.7381617
-73.7705057,41.03713439
-73.6495916,40.75906648
-73.5299064,40.722905
-73.6115625,40.7364552
-73.54563969,40.74151386
-122.3839935,37.61672429
-122.3839935,37.61672429
-73.95621584,40.76750913
-70.86549656,42.79586587
-122.3992064,37.7886552
-73.86581096,41.10948202
-73.7101788,41.07785446
-73.628961,40.7091589
-73.643333,40.7416622
-74.0067363,40.7046061
-73.7142837,41.0309082
-73.6405908,40.7406978
-73.6160779,40.7377056
-122.4200902,37.78751678
-122.3903498,37.61606633
-73.93955415,40.80532196
-121.8316351,37.36354713
-122.2523402,37.8499267
-73.6408049,40.7406543
-73.5030756,40.7878466
-73.5030756,40.7878466
-73.67665588,40.70813529
-73.99118404,40.75021333
-73.64032167,40.74072396
-73.6405451,40.7406885
-122.3992493,37.7763202
-73.94483279,40.818852
-73.97484529,40.76245397
-122.4185584,37.80782228
,
-73.9944068,40.7506762
-122.161405,37.4457219
-122.3980823,37.79903127
,
-122.4157062,37.77698628
-73.67199965,40.79618823
-71.063342,42.3643933
-73.66100762,40.70627891
-122.1971117,37.75376491
-73.77693655,40.64631678
-73.77464908,41.03323292
-73.8987501,40.873132
-73.7649024,41.02853945
-73.76664159,41.04036653
-122.4289732,37.74842472
-73.98331895,40.76130643
-74.02662414,40.62184569
-73.5316659,40.6815601
-73.9820017,40.7574943
-122.44038,37.78747504
-73.7895503,40.6465667
-73.5355942,40.7831409
-73.5355942,40.7831409
-71.10193891,42.36003582
-73.99265765,40.76177364
-122.3901254,37.61541913
-122.4193667,37.63573634
-73.98287706,40.75112422
-122.5071957,37.7603516
-122.4195883,37.76113374
-122.2792029,37.82227243
-73.6046333,40.7201782
-73.5919424,40.66693273
,
-122.4214825,37.7799944
-73.92181272,40.76706707
-73.4963612,40.700866
-73.86466675,40.77005843
-122.3991877,37.79331492
-73.4281569,40.8691744
-73.6238037,40.7846755
-73.6117718,40.7364664
-73.6117718,40.7364664
-73.9419413,40.727578
-73.98265058,40.75639079
-122.4441221,37.765933
-73.87211808,40.77403258
-122.3997068,37.78725343
-122.4033904,37.80420197
-74.01070925,40.71620346
-73.60312597,40.71550256
-73.85468988,41.03129944
-122.4050909,37.7882577
-73.6542637,40.6361297
-121.98824,37.38813716
-121.9229209,37.3642983
-122.4321823,37.76108596
-122.3962611,37.7762137
-122.4201249,37.7692071
-73.87231823,40.77407803
-73.6024008,40.7173968
-73.69404322,41.03566457
-121.848689,37.35189938
-73.76494042,41.02851091
,
-73.64078805,40.74065544
-73.9793734,40.7594609
-70.94590735,42.16833281
-74.01055142,40.70997109
-74.01055142,40.70997109
-73.55416857,40.751749
-73.44887487,40.7713379
-73.9987486,40.7143169
-73.502681,40.82415
-73.71348411,41.02545826
-73.7038661,41.0687267
-73.77482121,41.03322237
-122.4229548,37.80060926
-122.4076901,37.8011379
-73.5998837,40.720699
-122.3906426,37.7662245
-73.64116807,40.70960187
-73.98987393,40.69616277
-74.02877723,40.621759
-73.4478267,40.7522117
-73.5919022,40.6942577
-122.3949533,37.7966125
-73.70403444,41.06892698
-73.70403444,41.06892698
,
-73.78940941,40.64645383
-73.8613249,40.8478732
-71.1010157,42.3638456
-73.9949941,40.7499486
-73.9836024,40.7549517
-122.4064075,37.79761925
-73.89426454,40.66560851
-73.9724235,40.7533468
-122.1968163,37.75342972
-122.4001547,37.80010129
-122.4211867,37.78505305
-73.956585,40.7120816
-73.8855597,40.7732176
-122.395282,37.76881378
-73.9805476,40.75402
-71.12060107,42.37206934
-122.4328693,37.80072468
-122.4091959,37.8006287
-122.4184214,37.77513487
-73.9285065,40.8161371
-73.9620772,40.65096425
-73.62088437,40.64811428
-73.50063181,40.72359981
-73.59927993,40.74064861
-73.7127462,40.6918312
-122.4210867,37.78503943
-73.63573228,40.66883503
-73.6835633,40.6526863
-73.9519247,40.75926921
-73.9519247,40.75926921
-73.64157398,40.74135163
-73.6496719,40.7541806
-74.01106616,40.72922738
-73.5886513,40.744209
-121.9708389,37.53142885
-73.99452804,40.74772641
-73.98394416,40.75512222
-73.9795928,40.7719566
-73.77492014,41.03288113
-73.78619872,40.961352
-74.0041395,40.7132622
-73.6700984,40.7959912
-122.4155286,37.78737709
-122.3947098,37.7768024
-73.97322738,40.57469746
-73.99476327,40.75187126
-74.0097187,40.7058638
-73.69397423,40.65214664
-73.64046307,40.74069114
-122.4328552,37.7514036
-122.4133142,37.75414891
-73.7038013,41.0686429
-122.3963507,37.7762137
-122.4382772,37.77617569
-73.6409241,40.7407097
-74.00100895,40.75712901
-122.4302169,37.77091803
-73.5175165,40.7726514
-73.5175165,40.7726514
-73.5175165,40.7726514
-74.0092393,40.7122764
-73.64098057,40.74004431
-73.97251569,40.75661056
-73.8792674,40.8815554
-73.94771608,40.80119439
-73.94771608,40.80119439
-73.764778,41.0282931
-73.764778,41.0282931
-74.0040782,40.7209017
-73.9891673,40.7367033
-122.4015281,37.7843633
-122.4057995,37.78671865
,
-122.4209589,37.79187752
-73.76498747,41.0284159
-73.76498747,41.0284159
-73.9483341,40.7763813
-73.52759831,40.76700164
-73.71949745,40.69856876
-73.71949745,40.69856876
-122.3946091,37.77676749
-122.3946091,37.77676749
-73.78231019,40.64488792
-73.78231019,40.64488792
-73.62233984,40.58919439
-73.5987534,40.7129204
-73.95204336,40.74305989
-73.83472781,40.76205029
-73.9812255,40.7529942
-74.02029187,40.64930265
-73.4299951,40.7336177
-122.3973476,37.77768409
-122.3947286,37.7766995
-122.4138328,37.78996201
-122.3947015,37.7767584
-73.98520666,40.76027432
-73.6355235,40.7726948
-73.6355235,40.7726948
-122.4194445,37.76670665
-122.403082,37.7834498
-122.4104428,37.7890025
-73.61942809,40.74118243
-122.4058226,37.7751391
-73.6404809,40.7407294
-73.83776434,40.68168696
-73.83776434,40.68168696
-73.62450125,40.77305916
-122.4013522,37.78838002
-73.6460574,40.7607563
-73.6460574,40.7607563
-73.52090937,40.70887616
-73.5887403,40.7556657
-73.70392942,41.0687743
-73.64043941,40.74070453
-73.6044415,40.7155915
-122.398914,37.79085762
-122.398914,37.79085762
-121.8278708,37.3939372
-73.97317961,40.79020028
-122.4059886,37.78765127
-121.8948346,37.3341409
-73.9723893,40.7473217
-73.7767793,40.6461993
-73.9376354,40.79296857
-73.9828266,40.7391173
-121.9705085,37.32524154
-73.62302566,40.75493152
-73.52782094,40.7670521
-73.63463262,40.65666927
-73.77655358,40.64581626
-73.9248692,40.8615564
-73.99064082,40.75606807
-73.7038886,41.06873222
-122.3840032,37.61674049
-73.98720009,40.75641148
-73.96733081,40.76273104
-122.4177119,37.77629316
-73.9734358,40.7482437
,
-122.397943,37.786987
-122.4489495,37.76974069
-73.960015,40.73406035
-122.0855657,37.3989635
-74.0061026,40.7349104
-74.00538876,40.74906739
-73.8437323,40.85212547
-73.58961199,40.74413728
-122.4026104,37.78847607
-73.87450819,40.77405212
-73.6993948,40.7965931
-73.6957409,40.7949339
-73.6957409,40.7949339
-122.3931718,37.79464195
-73.99214074,40.71618129
-73.97677807,40.73934921
-122.3838646,37.6171395
-71.1135046,42.3001941
-73.96561294,40.75694671
-71.079824,42.3493365
-71.0526396,42.36450472
-71.0526396,42.36450472
-73.8340441,41.0973167
-73.8340441,41.0973167
-122.3864461,37.61794949
-73.7226421,40.7863422
-73.95412973,40.77862242
-73.78189922,40.64498159
-73.64546942,40.65598723
-73.98230615,40.7720651
-73.98230615,40.7720651
-73.98230615,40.7720651
-74.0071448,40.7282262
-73.98263534,40.76002229
-73.98263534,40.76002229
-122.4221141,37.79730592
-122.2660493,37.81263972
-122.4382938,37.77624187
-122.4226412,37.77033275
-73.628304,40.7769613
-122.3948387,37.7771817
-73.99572275,40.72173905
-73.6947223,40.6940353
-73.6521589,40.6978625
-73.6312855,40.7378462
-73.6024051,40.7167014
-73.5144273,40.7244052
-74.1773083,40.69500214
-73.9661844,40.7623278
-73.75886414,41.02704935
-121.898442,37.41413947
-122.4037982,37.7897372
-71.0603319,42.3556922
-73.91095322,40.67886267
-73.5286984,40.7676163
-122.4313492,37.73100775
-73.643513,40.7905207
-122.0085248,37.32356059
-73.9976448,40.75667577
-73.7036681,41.0687449
-122.3981858,37.79182039
-121.908733,37.36126205
-122.404686,37.7842342
-73.9938649,40.7565186
-73.77522807,41.03323783
-73.7738075,41.0341185
-73.9946671,40.7504658
-73.98833016,40.74102373
-73.6429373,40.7772493
-122.2295344,37.47746768
-73.46725389,40.79650956
,
-71.0216685,42.3654774
-73.99555919,40.72527348
-73.5873716,40.79136788
-122.2396211,37.8018622
-73.59752459,40.71049349
-122.3951354,37.7769899
-122.3997073,37.79511917
-73.68306929,40.98621163
-73.74309556,41.03930815
-122.0139873,37.53386166
-73.958014,40.7125783
-73.7826285,40.6446937
-73.99483538,40.75029497
,
-122.4212287,37.7567077
-122.3994594,37.7877565
-73.99053602,40.75616305
-73.9832493,40.7023166
-73.9828331,40.7024241
-122.4353596,37.79712
-73.78971238,40.64678026
-121.9222903,37.36392482
-122.3978541,37.78707944
-73.70389028,41.06888833
-73.5137342,40.7348798
-73.82558101,40.82692374
-73.639361,40.73913674
-73.87954361,40.70299559
-73.91412682,40.70930994
-73.6456173,40.6557337
-73.99475916,40.75279377
-73.76745586,41.03805316
-73.76745586,41.03805316
-73.76745586,41.03805316
-73.68915321,40.71908239
-74.01346967,40.7092145
,
-73.98875838,40.75352148
-73.94071223,40.79741023
-71.02762152,42.36617292
-73.97548338,40.74119842
-73.76465903,41.03264945
-122.4148098,37.80892571
-73.86487923,40.76992299
-73.58734375,40.72381031
-73.94619039,40.77303469
-73.5679418,40.7580572
-71.10951128,42.38454034
-73.99304749,40.73826953
-73.9760853,40.7923068
-73.5413318,40.7476542
-73.60370856,40.71097869
-73.70399586,41.06881618
-122.3954741,37.7970472
-73.5761068,40.7995521
-71.13023738,42.35254345
-74.00030262,40.72135694
-73.64027934,40.74571681
-73.9498279,40.6343716
-73.5273257,40.7671677
-74.00762361,40.74301067
,
-73.97261951,40.79848433
-73.77677386,40.64611574
-122.3843495,37.6156797
-73.99729779,40.72479009
-73.7144659,40.6486885
-73.99162534,40.7387074
-73.98702065,40.75315378
-73.99153098,40.71557687
-73.49607346,40.76528122
-73.95467039,40.72644012
-74.00127165,40.75691096
-73.65550817,40.68622135
-74.00127199,40.72149805
-122.3972266,37.7928329
-73.96051809,40.81634267
-73.913293,40.6073968
-73.97118264,40.76122225
-73.97817762,40.72924521
-73.95359721,40.77017658
-122.306013,38.28287691
-73.99601153,40.71748123
-122.4345791,37.76091394
-73.86185361,40.7682545
-74.00453364,40.72277231
-73.71816927,40.67765739
-73.70400561,41.06888012
-122.4029373,37.79360207
-73.65066425,40.72202619
-73.9717919,40.7568683
-73.9805327,40.7418772
-73.64926298,40.76300662
-73.6704093,40.726976
-73.98128388,40.75616062
-122.3875188,37.6175142
-73.97835059,40.75408471
-71.1196026,42.373261
-122.3953218,37.7769386
-71.0048332,42.4198869
-73.61455184,40.73875111
-73.61455184,40.73875111
-73.68243563,40.98579248
-73.95812355,40.64484953
-73.7648136,41.0293338
-71.0769756,42.3452165
-73.4063324,40.8123032
-73.6012556,40.7012697
-73.6012556,40.7012697
-122.3986379,37.78892682
-73.75995473,41.03228343
-73.6074854,40.73318657
-73.8674132,40.7686976
-122.436422,37.7930034
-122.436422,37.7930034
-73.93447543,40.76903187
-73.52813618,40.76713303
-73.96401646,40.76137771
-73.2412212,40.7178049
-73.6496838,40.7592334
-73.64038437,40.74065347
-73.64038437,40.74065347
-73.64038437,40.74065347
-71.13123149,42.38656288
-73.6404185,40.7406796
-73.63356843,40.72543908
-73.9994963,40.7541135
-74.0044618,40.75102541
-73.99677585,40.73705658
-71.01311208,42.38455978
,
,
-122.212105,37.71212274
-73.9903181,40.7398514
-71.00643473,42.20478021
-73.97853529,40.75162683
-73.9714831,40.7582079
-73.9372861,40.8044725
-74.0157133,40.7123809
-73.8796963,40.8406767
-73.98249359,40.6736697
-73.9369378,40.8430913
-74.00584289,40.70433636
-73.9188378,40.7703043
-73.642764,40.7397384
-73.92727604,40.62331093
-122.4135755,37.7714584
-122.4135755,37.7714584
-73.89189133,40.65308739
-122.4059791,37.78311636
-73.96507784,40.75972234
-73.6401112,40.6426305
-73.5921731,40.7229362
-73.5921731,40.7229362
-73.62005482,40.74888429
-73.70380361,41.06869857
-73.596921,40.7350222
-122.4046649,37.7972344
-73.640402,40.7416349
-122.1775368,37.75114092
-73.6370378,40.7563735
-73.8673717,40.8778983
-73.38100563,40.67479339
-73.60764742,40.73427626
-73.71973945,40.66391371
-73.71973945,40.66391371
-73.9897133,40.7588883
-73.68982197,40.66706403
-73.9895511,40.7554075
-122.3952563,37.7768581
-122.3902162,37.7808083
-73.9923433,40.7584333
-122.3972738,37.78985
-73.98915108,40.74159262
-122.2124362,37.7123528
-73.99222959,40.74930388
-73.97828554,40.7269996
-73.61301972,40.74780105
-73.51484994,40.76518432
-73.96193588,40.71401444
-73.6230728,40.75496569
-73.7044154,40.6892988
-122.421164,37.78516281
-73.9936339,40.7441699
-73.66567735,40.74062782
-73.9102462,40.8477393
-73.77887093,40.66817792
-73.97842091,40.75987879
-74.0042578,40.7219521
-73.98280045,40.72288093
-73.96008983,40.760453
-74.009469,40.73814334
-73.6998399,40.6801661
-73.9505855,40.7823594
-73.9947148,40.7196107
-73.99869172,40.73324609
-73.76548793,41.02983104
-73.66630658,40.75749745
-73.71278056,40.69186167
-73.71278056,40.69186167
-73.99210157,40.73444522
-74.0007874,40.7183044
-71.10408082,42.38866278
-73.9489911,40.7767339
-73.9379266,40.7938022
-73.9833243,40.7676847
-73.7744967,41.0332436
-74.00416365,40.7197387
-74.00416365,40.7197387
-73.9651778,40.7543087
-73.6038023,40.749373
,
-122.3934562,37.79479992
-73.61473398,40.74424788
-73.5552171,40.7839053
-71.10431884,42.33425959
-73.9556697,40.7158324
-73.6136057,40.740266
-73.6017814,40.7169004
-73.75800216,40.73734803
-73.75800216,40.73734803
-73.9938428,40.7274403
-73.6405385,40.7407174
-73.9766203,40.7495959
-73.63466695,40.72329168
-73.7821966,40.6449085
-73.9895015,40.7441902
-73.7031278,40.684104
-122.4136361,37.77959502
-73.78977053,40.64655262
-73.528002,40.7674675
-73.7749717,41.0336458
-74.0139469,40.7096225
-73.8877201,40.7715787
-73.63506974,40.7727367
,
-73.86519833,41.03339253
-122.3898091,37.61484628
-73.8723299,40.7740719
-73.9954799,40.7174246
-121.9227037,37.3642659
-73.69529765,40.7600388
-74.00471837,40.74180925
-73.66553841,41.00137194
-74.00442256,40.73106358
-73.9892849,40.7604346
-73.61371482,40.7368451
-73.6402141,40.7244541
-73.60244301,40.71603984
-73.82618023,40.74688905
-73.6579564,40.6566707
-73.93794744,40.73464951
-121.9252748,37.3973977
-73.640413,40.7407227
-73.640413,40.7407227
-122.3981772,37.78888504
-73.61897187,40.72975745
-73.61897187,40.72975745
-73.7886252,40.64199558
,
-73.66097736,40.711386
-122.4190109,37.7851517
-122.3970157,37.79078728
-73.9802429,40.7525451
-122.3952971,37.77685452
-122.4202105,37.75379534
-73.96321219,40.76225845
-73.8764015,40.7344635
-122.3949967,37.77709135
-122.4026529,37.79222244
-73.6330504,40.7354072
-73.6949517,40.7108083
-71.1180701,42.3719006
-73.47740564,40.81347154
-122.182362,37.447307
-73.64554192,40.65558159
-73.85386054,40.72786767
-122.3978601,37.7864642
-73.6727353,40.64077
-73.77706,40.6464876
-73.7750519,41.03343
-73.7750519,41.03343
-73.6201992,40.7061797
-122.4539223,37.7662721
-73.64920016,40.74571903
-73.712113,40.7226204
-74.00407245,40.72200235
-73.7284859,40.7038226
-73.722352,40.6715388
-73.9522749,40.63745208
-122.2139188,37.83335307
-73.86763218,40.7223942
-73.58352128,40.71945614
-73.993821,40.7512722
-73.92807459,40.76147676
-73.9476304,40.6321967
-73.9911907,40.7502613
-73.99217251,40.7426445
-73.9731465,40.7551156
-73.98131054,40.72508308
-73.99615083,40.76245362
-73.9346154,40.8454736
-73.62522108,40.70948586
-73.59646755,40.7296725
-73.6226555,40.7422242
-122.3850447,37.61496454
-73.7705676,40.9164099
-73.98999731,40.76066588
-71.05920671,42.35631451
-73.9189684,40.85016341
-73.60408469,40.74451698
-73.60408469,40.74451698
-73.90517824,40.75276481
-122.4299958,37.76449563
-122.3963205,37.78150637
-73.6404765,40.7243698
-73.98157627,40.76473279
-73.99097505,40.75049842
-73.5098436,40.74714944
-73.9916635,40.7204697
-73.699248,40.79634628
-73.7128567,40.78372039
-73.94724693,40.82301539
-122.3957579,37.78875378
-73.7769072,40.6462615
-71.05070813,42.34990488
-73.5987784,40.7130115
-74.00445282,40.74948947
-73.69368354,40.68733765
-73.61917572,40.73109797
-71.14280304,42.28124894
-71.14280304,42.28124894
-73.70488681,40.7116697
-73.6165275,40.6993533
,
-122.38616,37.6180091
-73.71870181,40.64157294
-73.71870181,40.64157294
-73.4721988,40.771104
-73.6354571,40.7131693
-73.6251184,40.7121626
-73.6251184,40.7121626
-71.05661787,42.35136072
-122.3869198,37.61782522
-73.64977196,40.70641477
-73.64090449,40.66568462
-73.8964814,40.7073488
-122.2344463,37.82603115
-73.99134663,40.74998987
-73.99312949,40.75265993
-73.99312949,40.75265993
-73.99312949,40.75265993
-73.9928035,40.7564513
-122.0619865,37.3764201
-73.9502085,40.8238654
-73.6436118,40.7902363
-121.9231075,37.36467508
-122.482284,38.31377537
-71.12294337,42.34302751
-122.4324465,37.75219616
-122.4324465,37.75219616
-73.96848382,40.63933495
-74.00872003,40.71227929
-74.00872003,40.71227929
-122.4183815,37.77532777
-71.18281894,42.23131693
-73.94688924,40.83657301
-73.24053022,40.71777708
-122.3973404,37.79449217
-71.1903914,42.3680828
-122.2659262,37.80945184
,
-122.4274264,37.78206268
-73.9937193,40.7361254
-73.6066145,40.69964339
-73.86516111,40.75758831
-74.00205071,40.74031148
-122.4183613,37.775209
-73.99101244,40.7336724
-71.17649906,42.70278668
-73.9842294,40.7650157
-73.97096435,40.75553561
-73.9383218,40.84445424
-122.4464796,37.77386405
-73.9553805,40.6211753
-71.0520557,42.0552649
-73.87887239,40.77113438
-73.9459807,40.63123378
-122.3965028,37.79419606
-73.64268227,40.73971461
-73.64268227,40.73971461
,
-73.6044114,40.71385878
-122.4404488,37.80034083
-122.3989582,37.7908942
-73.64856485,40.73893581
-73.6336155,40.7026752
-122.6431393,38.23990298
-73.6597567,40.6022382
-73.6597567,40.6022382
-122.4596435,37.78114153
-73.76558318,41.0300849
-73.6348842,40.7303234
-73.989168,40.7612315
-73.7083571,40.6883348
-73.9801428,40.7526502
-73.65225415,40.70068934
-73.45578217,40.75769932
-73.45578217,40.75769932
-122.418899,37.75626821
-122.4066902,37.78516411
-73.99911828,40.72488703
-73.63731797,40.74023689
-122.4307056,37.79771199
-73.5906562,40.7422761
-73.8733491,40.7740422
-73.65166532,40.70223912
-73.63787826,40.74689769
-73.9900123,40.7582875
-73.98320603,40.73052007
-73.9916751,40.7499867
-122.2118893,37.71176994
-73.52899189,40.77980861
-73.7289978,41.0233564
-73.5269306,40.7711253
-73.695958,40.654941
-71.13337825,42.3476555
-73.9568426,40.7342782
-73.6020772,40.63831838
-73.6450217,40.65607744
-73.6450217,40.65607744
-73.6342411,40.65445377
-73.95413361,40.82384663
-122.4241436,37.76154404
-122.4241436,37.76154404
-73.6322818,40.7315652
-73.64762845,40.65849967
-122.38507,37.6149095
-122.404612,37.7849001
-73.63434331,40.72780111
-73.94020052,40.76330514
-73.60215275,40.7167899
-73.9608199,40.5946609
-73.87146852,40.77393612
-73.61209291,40.73616879
-73.61209291,40.73616879
-73.60443095,40.71552892
-122.3930163,37.77909673
-122.4118103,37.7786728
-73.98918313,40.77516243
-122.4704645,37.71368331
-73.9698401,40.7571121
-122.4319007,37.76535591
-122.4319007,37.76535591
-73.719319,40.6694545
-73.54406004,40.77988815
-73.60222215,40.74565991
-73.9583322,40.5882019
-73.91210907,40.63787256
-73.7825667,40.6445813
-73.7654541,41.0442344
-71.03364771,42.33396912
-73.97618241,40.79495941
-73.60515422,40.74304218
-71.0743997,42.3508271
-73.6401179,40.740706
-122.0794142,37.3952511
-73.66840196,40.74983401
-122.3043604,37.54179518
-74.07329863,40.59786854
,
-73.96058028,40.76475977
-73.7823924,40.6448438
-73.98407051,40.69549625
-73.86455921,40.76993087
-73.8798925,40.7515894
-122.401441,37.7858182
-122.4056739,37.7800641
-73.9952825,40.7206878
-122.3941195,37.78976204
-73.44409704,40.78355729
-73.99235587,40.74271183
-74.00791993,40.74034835
-74.00791993,40.74034835
-73.98831536,40.77455022
-122.3871701,37.61776623
-73.78256877,40.64480041
-73.9938198,40.75142493
-73.7568979,41.0395012
-73.83519757,40.70718449
-122.4020428,37.78912929
-74.01608311,40.71732408
-73.9940241,40.7203843
-73.97684217,40.75202733
-71.04577094,42.35183109
-73.86232893,40.76822265
-122.1625984,37.4449007
-73.94182887,40.79836086
-122.3914601,37.77344965
-73.9532533,40.7777723
-122.3982893,37.78881233
-122.2998368,37.55524817
-122.4134473,37.75252946
-73.99589667,40.6907459
,
-73.64032494,40.74132989
-73.9865075,40.6038992
-73.6617351,40.6616355
-73.6617351,40.6616355
-122.4211503,37.78500267
-122.3998174,37.79051844
-74.00080017,40.75742038
-73.59330908,40.7251757
-122.4129634,37.7802115
-71.10556534,42.34000961
-122.4184774,37.77540215
-74.0090085,40.7387997
-73.8078803,40.7016699
-73.9802853,40.7427001
-73.61224942,40.73255001
-74.0039583,40.7170174
-74.00242972,40.71878285
-122.3933817,37.73635608
-71.0852186,42.34892879
-73.69318223,40.75195667
-73.77476329,41.03324517
-122.408204,37.78709983
-122.3923944,37.78157028
-73.9470338,40.7751001
-122.3872438,37.6177877
-73.6871968,40.6659242
-73.6871968,40.6659242
-74.01272728,40.71722378
-122.2402829,37.80107996
-122.3914234,37.77720763
-73.7041402,41.0690025
-122.1455632,37.4286492
-122.4419419,37.80361297
-73.97992038,40.74317202
-73.6952167,40.68822506
-122.4111603,37.78146333
-73.97655954,40.75170978
-73.98340486,40.72523477
-122.407078,37.7850798
-73.70967056,40.67257348
-122.3838805,37.6167249
-73.923712,40.7586067
-74.00165743,40.75665198
-73.60745262,40.74458852
-74.00612427,40.74030424
-73.6740385,40.7392344
-73.6740385,40.7392344
-73.97867102,40.66555903
-71.13001744,42.28705861
-73.977177,40.7449795
-73.6547573,40.74453
-122.4212673,37.7649628
-122.4172789,37.78620941
-73.6810725,40.6839916
-73.616775,40.7395452
-73.71017335,40.69395072
-73.6732619,40.6557456
-73.6293408,40.7172625
-73.70987596,40.75074436
-73.70987596,40.75074436
-73.6047405,40.7137563
,
-73.7365177,40.65447069
-73.4819486,40.7415281
-73.4819486,40.7415281
-74.00426727,40.74221594
-74.00426727,40.74221594
-74.00426727,40.74221594
-73.6406748,40.7407091
-73.48212808,40.82990544
-73.6405719,40.7406776
-122.3866991,37.61790265
-122.4011656,37.79911134
-122.4048958,37.77183797
-74.00790949,40.74768013
-122.417958,37.80205525
-121.9652471,37.40879817
-122.4173072,37.8072437
-73.9536542,40.775144
-73.60334804,40.71564645
-122.4184672,37.77539427
-121.9965669,37.55694547
-73.69828123,40.79171253
-73.6035006,40.7301816
-73.9850732,40.7487455
-122.2123128,37.71231255
-122.4810425,37.71750711
-122.3950301,37.7889263
-73.7824053,40.6446938
-73.2308831,40.7282273
,
-122.423553,37.7798378
-122.4186153,37.77550916
-73.5473426,40.7260664
-122.4103444,37.78943035
-122.4103444,37.78943035
-73.6399441,40.7406881
-73.98811009,40.75653763
-71.0634648,42.35485299
-122.398354,37.7744545
-73.9910281,40.7420977
-73.98904693,40.75315185
-122.2720256,37.80931005
-74.00697292,40.70763818
-73.99947231,40.63309262
-73.95547743,40.72104414
-73.96646222,40.79942388
-73.99459538,40.6818395
-73.85692497,40.73703672
-73.9844332,40.625766
-73.64043466,40.7407349
,
-73.5176018,40.7877055
-73.6044379,40.71552276
-73.7748808,41.0332507
-73.63794389,40.67286654
-73.63794389,40.67286654
-74.02718824,40.63274216
-73.87271376,40.72106927
-122.3955137,37.77534808
-73.7648967,41.0285635
-73.89897622,40.88962604
,
-73.60374683,40.71862833
-122.1899055,37.7737158
-73.6828438,40.7641951
-73.98832404,40.75563951
-73.7747266,41.0329823
-73.8323812,40.7031691
-73.73779264,40.61842386
-122.4144286,37.77151134
-73.90486917,40.7655398
-73.82159374,40.90885023
-73.76788066,41.03303156
-73.8606056,41.0872971
-73.8606056,41.0872971
-122.4196182,37.7906566
-74.01114101,40.72921577
-73.85706528,40.87855082
-73.9652886,40.68979295
-73.69954946,40.68169389
-73.69954946,40.68169389
-73.7212395,40.64104217
-73.96373782,40.71215646
-122.1780251,37.71518618
-73.99332535,40.66129097
-73.9864793,40.73735
-73.67668924,40.76401664
-121.9710703,37.52032581
-73.67651736,40.71695076
-73.59107795,40.7095946
-73.59107795,40.7095946
-73.69494184,40.79181673
-122.2317342,37.8140976
-73.5945636,40.70940949
-73.5945636,40.70940949
-71.07582026,42.34709574
-73.6401728,40.7413429
-122.4015807,37.78823578
-122.4015807,37.78823578
-74.01013505,40.72011465
-73.72524386,40.78728844
-73.86465074,40.77019284
-73.6040537,40.71852022
-122.4045892,37.8062176
-73.57846348,40.75986279
-73.89947379,40.66714214
-73.6193948,40.7491786
-73.9891956,40.6878294
-73.96161439,40.76435886
-73.72315477,40.65660968
-73.72315477,40.65660968
-73.6296431,40.752232
-122.3991841,37.7885533
-73.77491903,41.03345832
-73.77491903,41.03345832
-73.76496753,41.02871605
-73.76496753,41.02871605
-73.76496753,41.02871605
-73.5769895,40.802457
-73.8644475,40.7701373
-73.5508654,40.7198155
-122.4308709,37.77414508
-122.3926675,37.7775877
-74.0091193,40.7388425
-73.48516084,40.69630169
-122.1477787,37.37182447
-122.1477787,37.37182447
-73.97819943,40.75978114
-73.9595921,40.6365741
-73.99119008,40.73935471
-122.8002587,38.52196519
-73.4475898,40.7522176
-73.49723697,40.7256626
-73.4459404,40.7329454
,
-122.2705005,37.8726875
-122.1281136,37.7136509
-122.4198778,37.79489482
-74.01157572,40.70293019
-74.00684768,40.73021697
,
-122.4017693,37.78931831
-73.98874222,40.71860805
-73.99102478,40.75043072
-73.8641912,40.7698535
-122.3935517,37.77772061
-73.87620175,40.76854484
-122.4099841,37.7920229
-73.9718612,40.7440762
-122.4081026,37.7814514
,
-73.9570805,40.7740179
-122.4460656,37.77034511
-73.99735368,40.75383082
-71.09021958,42.34002323
-73.6999215,40.7964205
-73.6999215,40.7964205
-73.6393878,40.7432916
-73.6465149,40.6309881
,
-122.4739329,37.732004
-73.99328244,40.75726384
-73.5971665,40.7409321
-73.67411189,40.59236369
-73.5536177,40.7255753
-73.64973002,40.70905168
-74.01441799,40.70853498
-73.62980247,40.73719086
-73.62947292,40.65818928
-73.7012139,40.6495098
-71.05378822,42.34210177
-122.4900082,37.77821434
-73.97305699,40.75880972
-122.4378546,37.80032685
-73.9774644,40.7645446
-73.98036324,40.75577884
-73.77685871,40.64608462
-73.6399721,40.7415798
-74.0120401,40.707145
-121.8918948,37.33532149
-71.09800511,42.32984563
,
-73.6511455,40.7348463
-122.4083268,37.78654712
-122.3843551,37.61565034
-73.5276429,40.7671484
-73.5276429,40.7671484
-73.65484281,40.74232036
-73.65132646,40.75731918
-122.4674329,37.67594338
-122.4642165,37.68496751
-73.69972589,40.68925702
-73.5276469,40.7671192
,
-73.75994006,41.03224249
-122.3995971,37.78977709
-74.00634178,40.75269483
-74.1544702,41.1157306
-73.79783734,40.70455178
-73.8028886,41.0150271
-73.8028886,41.0150271
-73.60514024,40.8091964
-73.70391467,41.06886327
-73.61259352,40.73568221
-71.05281366,42.35942968
-73.92947763,40.64209017
-73.60222547,40.74565961
-73.60222547,40.74565961
-122.3953748,37.77690144
-121.8986807,37.2484341
-73.61297009,40.74036384
-73.61977545,40.74895625
-74.00119047,40.72916432
-122.3904072,37.61609822
-73.7613447,41.0310797
-73.9333082,40.7415363
-73.9333082,40.7415363
-73.6984974,40.6846536
-73.6225474,40.7300337
-122.410481,37.7658287
-73.60413071,40.71531673
,
-122.4022495,37.78859372
-122.4022495,37.78859372
-122.4022495,37.78859372
-73.7935558,40.9907318
-73.7917721,41.0258398
-73.7917721,41.0258398
-122.4682962,37.78289636
-73.99050551,40.71949612
-122.4793357,37.85498523
-122.4793357,37.85498523
-122.4793357,37.85498523
-73.97208497,40.7599652
-73.97208497,40.7599652
-73.96216395,40.68157738
-71.06979846,42.35687195
-71.06979846,42.35687195
,
,
,
-73.12944928,40.92025703
-122.4182646,37.771643
-73.3789402,40.6966452
-73.64031681,40.74063126
-73.6449029,40.7516703
-73.6015365,40.7090757
-73.70248111,40.66233502
-73.60192669,40.71348562
-73.60192669,40.71348562
-122.2727561,37.80237012
-73.94061214,40.83717831
-73.62714581,40.74849443
-71.07654813,42.3659393
-122.3899013,37.61556644
,
-73.7767954,40.6458805
-73.4331295,40.791225
-73.51296404,40.60024219
-73.64064105,40.74022322
-73.64064105,40.74022322
-73.64064105,40.74022322
-73.98316917,40.76345551
-73.64082248,40.74064894
-73.92025304,40.86629372
-73.9775245,40.6851582
-73.6436084,40.7609527
-73.8329833,41.0597547
-73.98776297,40.7555065
-73.93476075,40.75330788
-122.4159001,37.77716444
-121.9010961,37.350343
-73.9716592,40.7618556
-122.4012531,37.76490792
-122.3975509,37.7775964
-73.96279243,40.63584418
-73.78209455,40.64493646
-71.06961967,42.35022732
-122.426002,37.78698365
,
,
-73.5131051,40.7777397
-73.9942171,40.7452927
,
-73.70392288,41.06875615
-73.9856242,40.7597223
-122.4106061,37.78240828
-73.6403982,40.67145998
-73.6403982,40.67145998
-73.61064529,40.73502179
-73.94738621,40.63319719
-73.99191436,40.7433906
-73.8448241,40.6800069
-122.398034,37.79343948
-73.9753182,40.7469811
-74.0100628,40.7091387
-73.99569685,40.75928803
-73.6055536,40.7189239
-73.5825716,40.6620307
-73.5413666,40.7476366
-73.96963919,40.76335732
-73.97042474,40.76397523
-71.1651838,42.7423571
-73.943169,40.8025513
-122.3948097,37.77678233
-122.4116528,37.787629
-73.99722805,40.73925817
-73.98309113,40.67297308
-73.64032386,40.74069433
-73.9874445,40.7387572
-73.82722051,41.05794597
,
-122.4341892,37.7890057
-73.99335821,40.70248848
-73.99292495,40.69303206
-73.98539364,40.69247538
-73.99802526,40.67974545
-73.6334381,40.7363831
-73.99085114,40.74207882
-74.01031715,40.62966492
-74.07425724,41.11574581
-73.99802911,40.68669287
-73.5934141,40.7251096
-121.8075159,37.3333738
-74.0011025,40.75724985
-122.4054843,37.79011888
-73.99514289,40.66519513
-73.99514289,40.66519513
-74.0121211,40.6203755
-74.0121211,40.6203755
-73.99552485,40.6608585
-73.99552485,40.6608585
-73.99764069,40.69160861
-73.5824328,40.7183515
-73.99535134,40.6898062
-73.99535134,40.6898062
-122.0936316,37.38964702
-73.7050098,41.0703559
-73.6979262,40.9738407
-71.21541196,42.35214257
-122.3983423,37.79978642
-73.56664751,40.76820097
-73.56664751,40.76820097
-73.9888298,40.67129557
-73.7740318,41.0316119
-73.9921324,40.75992452
-122.3905818,37.61615979
-122.421194,37.78508954
-122.4200392,37.78734893
-122.4188511,37.75652317
-122.4188511,37.75652317
-122.4101082,37.7705175
-73.8864267,40.7511622
-122.4062734,37.78856115
-73.77668811,40.64606009
-122.4132864,37.78583952
-122.4132864,37.78583952
-122.4132864,37.78583952
-122.4132864,37.78583952
-122.4132864,37.78583952
-73.77475013,41.0332419
-73.6307088,40.7162467
-73.9950957,40.740093
-122.4132516,37.80758351
-73.7939846,40.6672632
-73.6406928,40.7401305
,
-122.395932,37.77635557
-73.8686589,40.934716
-73.87246509,40.77408329
-73.96992514,40.75695542
-122.4046015,37.7945611
-73.68113081,40.98617358
-73.91483806,40.75866398
-73.708218,40.6524855
-73.7650056,41.028794
,
-73.6127347,40.7541491
-122.3985377,37.79320526
-73.57092714,40.82621527
-122.3963732,37.78846314
-73.99465883,40.74381676
-122.4217038,37.78690032
-122.4217038,37.78690032
-74.00608717,40.68129066
-73.6165251,40.6992593
-73.67333646,40.77637584
-73.97871045,40.78331387
-73.5989161,40.71429059
-73.7745646,41.0334397
-73.688125,40.6923938
-73.9797848,40.7861399
-71.0520038,42.336149
-122.4342702,37.73316693
-71.26090383,42.28813064
,
-122.4157411,37.6564243
-122.4029258,37.78825406
-122.4029258,37.78825406
-73.965561,40.8060309
-73.5280835,40.7672414
-73.61292762,40.74037361
-73.63340888,40.7364489
-74.0012592,40.7260101
-73.9738988,40.7505714
-73.9510568,40.63750995
-73.91021619,40.84758579
-73.97475293,40.75339658
,
-71.0190642,42.3678804
-73.96616909,40.68979706
-71.05313895,42.35760473
-122.4222588,37.78165727
-122.3956818,37.791082
-73.8953961,40.8621238
-122.3958925,37.776386
-73.86663711,40.77007497
-122.2608802,37.8675719
-73.7688362,40.6834496
-122.4058063,37.78330017
-73.99429575,40.72232063
-122.3889583,37.78678702
-73.9899835,40.7520477
-73.90727892,40.88729403
-74.0003588,40.7354794
-73.95318666,40.77597062
,
-73.652806,40.722781
-73.94967673,40.65086675
-73.64526649,40.77166395
-73.6889688,41.04481
-73.9224025,40.8683223
-74.0002782,40.7194732
-122.3615115,38.40962448
-73.6892446,40.7034575
-73.96055337,40.81430156
-73.5676693,40.702078
-73.98279559,40.7435899
-74.00620541,40.73358182
-73.6180096,40.7115369
-73.9845393,40.7546706
,
,
-73.64049627,40.74068104
-122.4212262,37.7849463
-73.96446171,40.80825878
-73.97647019,40.75825023
-73.4802249,40.8027429
-73.975884,40.7507594
-122.4209096,37.79165192
-122.3957968,37.7924733
-74.00396517,40.72587077
-73.71507442,40.64227276
-122.4501563,37.8016327
-74.00258937,40.71885595
,
-73.52760728,40.76703098
-73.9886714,40.7487831
-73.60051375,40.74036903
-73.60051375,40.74036903
-73.60051375,40.74036903
-122.4243987,37.79567759
-73.59838618,40.73410572
-73.92467377,40.66865481
-73.76533947,41.02897419
-73.5872249,40.7238052
-73.7036524,41.0684596
-73.6847894,40.68191742
-73.6847894,40.68191742
-73.9435211,40.6757523
-73.6128462,40.7318507
-73.6149876,40.7367105
-73.9941668,40.7564031
-122.3930196,37.79170942
-122.3930196,37.79170942
-73.32585035,40.80985991
-73.50207224,40.82439526
-71.0872645,42.4297055
-73.632323,40.7285939
-73.52763531,40.76697623
-73.67135298,40.79572475
-73.67135298,40.79572475
-71.060413,42.355847
-73.7729368,40.7742846
-73.61561092,40.743684
-73.9014779,40.7007326
-73.9746936,40.7559914
-73.62395357,40.75452543
-73.98431016,40.75457298
-122.4056358,37.78561719
-122.4056358,37.78561719
-73.9760674,40.7474296
-121.9795003,37.38049739
-73.7040346,41.0689578
-74.0086737,40.7226199
-122.3928429,37.77753901
-71.10155099,42.36401819
-71.10155099,42.36401819
-121.9275566,37.36824766
-122.4019779,37.78874377
-73.944056,40.74494772
-73.60199757,40.71683043
-73.6183551,40.740988
-73.7739182,41.0567767
-73.98778014,40.71990015
-122.408222,37.7854922
-73.9898384,40.75682677
-73.63375,40.7253286
-122.4292651,37.800786
-73.9006853,40.7468402
-73.6406934,40.74067261
-73.44760286,40.75215344
-73.4476063,40.7521769
-73.44752206,40.75215981
-71.07054985,42.36177255
-122.4217022,37.77703286
-122.3946459,37.7914827
-73.52771164,40.7672065
-73.62098638,40.70424248
-122.4510091,37.7694774
-73.5277976,40.7671922
-73.8645113,41.0766491
-73.9901766,40.7705454
-122.3937522,37.7881615
-122.2818889,37.8464441
-122.4779354,37.72081394
-73.9305469,40.8083522
-122.2554126,37.81751933
-73.52787323,40.76854304
,
-73.6406552,40.7406951
-73.953712,40.713606
-73.9865273,40.62163107
,
-122.4194866,37.76322557
-73.803272,40.698233
-73.803272,40.698233
-73.63067402,40.71684626
,
-122.4666041,37.70363341
-71.0600751,42.3578662
,
-122.0913483,37.66564437
-73.72315658,40.65661835
-73.9923958,40.74875458
-73.979742,40.790455
-122.3943464,37.792574
-73.99157085,40.74965173
-121.885414,37.33901392
-73.9717672,40.7568693
-73.94515426,40.80808451
-73.87633762,40.67159237
-73.70382045,41.06861102
-73.6870823,40.6961602
-73.9462771,40.7244602
-73.60699514,40.7420131
,
-73.01737678,40.76581426
-73.6024742,40.7159378
-73.70363203,41.06878628
-73.7026524,41.0692902
-72.84352236,40.85571885
-73.8842937,40.7452691
-122.4122811,37.7640796
-71.06784337,42.36076374
-71.06784337,42.36076374
-73.6344212,40.6544982
-73.60317165,40.7156917
-73.5886189,40.7533061
-73.96836227,40.76802632
,
,
-73.69581946,40.75374603
-73.7121311,40.7058759
,
-73.9896062,40.7414812
-73.9621554,40.7792257
-74.16582271,40.58376924
-122.4095389,37.79200519
-122.3954569,37.78896954
-73.69008587,40.70297811
-73.69008587,40.70297811
-73.71270105,40.69738562
-73.71270105,40.69738562
-73.71270105,40.69738562
-73.64043,40.7407441
-73.6481023,40.68528997
-73.62266812,40.74231539
,
-73.9830497,40.7630997
-122.4071725,37.78326835
-122.4071725,37.78326835
-73.9878204,40.7545632
-73.66564189,40.74145272
-73.6044354,40.7155025
-122.4247422,37.62256896
-73.949112,40.6751889
-73.62565728,40.71762251
-73.629176,40.72126575
-73.76489452,41.02852197
-73.76489452,41.02852197
-71.07607814,42.34762665
-74.0031736,40.7389682
-122.3865062,37.61474183
-73.98064624,40.76467969
-122.3843835,37.6156786
-71.0852691,42.3514145
-122.3846093,37.61533346
-73.5987387,40.7129526
-122.0824397,37.66392482
-74.01407692,40.71238169
-73.90169851,40.85642432
-73.90169851,40.85642432
-73.90169851,40.85642432
-73.90169851,40.85642432
-73.90169851,40.85642432
-122.4097153,37.78909801
-122.4097153,37.78909801
-122.433676,37.76584297
-122.3851039,37.617579
-73.67038992,40.74156584
-122.2124656,37.71238077
-73.98107478,40.75269435
,
-73.58763156,40.72397419
-73.66295011,40.74896228
-73.70377402,41.06851999
-73.70377402,41.06851999
-73.6245062,40.7730869
-122.4001709,37.633016
-122.4218438,37.76168279
-122.4218438,37.76168279
-73.8909429,40.6786105
-122.4187516,37.805071
-73.87913978,40.77100078
-73.9849455,40.74288234
-122.3933602,37.77839133
-122.2654825,37.7971773
-73.95540264,40.80272879
-73.99759924,40.7224936
-122.4211766,37.7850142
-73.9961792,40.7320498
-73.9373645,40.5869961
-122.3979451,37.77996477
,
-73.96887342,40.68951753
-73.9363886,40.6981797
-73.98637433,40.75164415
-73.9698192,40.7629238
-73.98544477,40.72733052
-73.99138126,40.75457809
-73.6789617,41.1356834
-73.52662922,40.68361013
-73.9876433,40.7552101
-71.22632476,42.12773795
-73.68965956,40.70407576
-73.6454805,40.6558799
,
-73.64068789,40.73943454
-73.5719931,40.664512
-73.86437505,40.76992865
-73.86531771,40.92010116
-73.6358902,40.7344939
-73.6358902,40.7344939
-122.4036331,37.78398595
-122.4161539,37.7754796
-73.9863888,40.687748
-73.62509997,40.71168138
-73.62509997,40.71168138
-73.63304119,40.73544349
-73.59906854,40.71481931
-73.6362092,40.7248869
-73.9610478,40.6937805
,
-73.59145115,40.73397305
-73.61947864,40.74913901
-73.96053937,40.76164339
-71.26578349,42.29846303
-73.97712247,40.76623843
-73.96693602,40.69391463
-73.8650155,40.7705756
-122.0131658,37.35620632
-122.3960042,37.77629333
-122.3976979,37.76631543
-73.59544421,40.75041336
-73.59544421,40.75041336
-71.01897567,42.36786171
-73.64105953,40.74007436
-73.6399804,40.7465728
-73.640404,40.7407161
-73.46501732,40.66076112
-73.6886137,40.6558236
-73.68995578,40.66557953
-73.658309,40.7957353
-73.63307975,40.73191441
-122.421076,37.78529202
-121.890922,37.32909044
-73.58723187,40.72373799
-73.58723187,40.72373799
-122.3840465,37.61707091
-73.490477,40.7283785
-73.87258062,40.77404502
,
-73.97749074,40.7611109
-73.925485,40.74762415
-73.99396531,40.60181579
-73.6542962,40.7886974
-122.3899737,37.61572054
-122.3899737,37.61572054
-73.8105914,40.6672914
-73.96156523,40.71646967
-73.95795641,40.76531516
-73.97417178,40.79159436
-73.96535302,40.7838191
-73.95762549,40.77857307
-73.94929547,40.60359489
-73.91588956,40.74922799
-74.00025853,40.7405427
-122.400938,37.79314167
-74.00201387,40.7328593
-74.00201387,40.7328593
-73.99202046,40.76430121
-73.6919523,40.6588482
-122.4211704,37.7852876
-73.9352163,40.65115788
-73.94435643,40.61138784
-73.94430975,40.61140578
-73.99444124,40.72776851
-73.93918379,40.66828588
-73.99653405,40.59698439
-122.3929176,37.7811436
-73.93095964,40.59806097
-73.96382315,40.61685255
-73.96372869,40.61689383
-73.96367286,40.61691286
-73.97290177,40.75289179
-73.7041243,41.0690094
-73.6143112,40.7383229
-73.64779011,40.65817525
-73.99387429,40.6680322
-73.96582229,40.80629601
-122.2649561,37.8532406
-73.95122616,40.71158413
-73.9582518,40.7821554
-70.9970022,42.2435872
-122.3952836,37.7941158
-122.0661641,37.5834105
-73.98761935,40.6868584
-73.9924583,40.72426848
-73.99200061,40.72550385
-73.94757569,40.71336358
-73.628177,40.7164593
-74.0138085,40.70897237
-74.01307786,40.70913671
-73.94572202,40.62065613
-73.94572202,40.62065613
-73.94572202,40.62065613
-73.98755066,40.69605683
-73.98755066,40.69605683
-73.93682043,40.65341713
-73.93682043,40.65341713
-74.00217647,40.74597539
-73.96190126,40.77082952
-73.99913862,40.71373092
-122.4136021,37.7912415
-73.8339516,40.66623956
-122.4075118,37.7893628
-73.97046832,40.74909116
-73.954577,40.8049737
-73.997179,40.7515126
-74.00569017,40.70835925
-122.2698603,37.87206458
-122.3948968,37.77700615
,
-122.198858,37.4764926
-73.99522242,40.75941455
-73.60257084,40.7381904
,
-121.9221002,37.3634287
-73.6950148,40.6925916
-73.9656717,40.7128087
-73.9656717,40.7128087
-73.9252664,40.78916398
-73.6333237,40.7233331
-73.6402625,40.7414991
-73.992239,40.7307685
-71.0691374,42.3430041
-71.00687329,42.39226352
-122.4669534,37.7701305
-122.2653677,37.8578104
-122.422208,37.7340127
-73.92149202,40.64493661
-122.404885,37.73072986
-122.434413,37.79722702
-73.98839181,40.76326134
-122.4052779,37.7883191
-122.4064653,37.78113554
-73.9177223,40.8668522
-122.414828,37.78690235
-73.6226129,40.6515411
-122.4125152,37.78685696
-122.4126449,37.77075273
-73.7748342,41.03303986
-74.00643599,40.71905716
-73.79020242,40.64341115
-73.9788168,40.745369
-73.63518343,40.72847638
-71.01238806,42.41118173
-73.5911985,40.7618112
-73.5911985,40.7618112
-71.06412485,42.35364984
-73.95473834,40.61058846
-73.71418158,41.14946243
-73.9934752,40.7497919
-122.394565,37.77680547
-122.2667092,37.8101068
-73.653436,40.7069613
-73.5833851,40.7193927
-122.4215075,37.7849413
,
,
-122.3927081,37.7822859
-71.0389236,42.3322306
-73.7226029,40.6580211
-122.3014639,37.8798776
-73.6540605,40.7175701
-73.86469918,40.9028725
-73.3560631,40.7507262
-73.3560631,40.7507262
-74.16408165,40.62687416
-73.1860743,40.8423881
-73.6284932,40.7540628
-73.78509281,40.94338472
-73.9478107,40.7930255
-122.4015243,37.78674313
-73.6323254,40.7480599
-121.9235986,36.55469829
-71.10024274,42.34442704
-122.4588685,37.7443297
-73.64049216,40.74024787
-73.69500057,40.66729931
-73.69500057,40.66729931
-73.70356117,40.63342079
-73.70356117,40.63342079
-73.9890289,40.6888282
-122.3861279,37.61795204
-122.3861279,37.61795204
-122.4291882,37.78949735
-73.58729239,40.72377475
-73.58729239,40.72377475
-73.9950755,40.74995732
-122.3967214,37.7935046
-122.3964349,37.79414916
-73.7650316,41.0288882
-73.9730429,40.7623948
-122.4083291,37.786404
-122.4083291,37.786404
-73.77046497,41.00892264
-73.77046497,41.00892264
-73.67341083,40.68847361
-73.67341083,40.68847361
-73.73475764,40.8060544
-73.73475764,40.8060544
-121.9123749,37.4190859
-73.99158013,40.7004194
-73.99158013,40.7004194
-73.99158013,40.7004194
-73.6151144,40.7429856
-73.49850833,40.77922882
-73.49850833,40.77922882
-73.86256842,40.76852072
-73.86256842,40.76852072
,
-122.2121378,37.71214725
-73.96508687,40.75921528
-122.4094072,37.7754928
-122.4360518,37.7988958
-122.4049556,37.77167468
-122.4863085,37.7726879
-122.3969479,37.7892953
-122.0022775,37.40976029
-73.62067851,40.80485382
-73.62067851,40.80485382
-73.6134565,40.7366767
-73.61946345,40.7509348
-122.4339999,37.77455533
-73.63210298,40.72380599
-73.63210298,40.72380599
,
-73.6900772,40.7315043
-73.67062267,40.70863577
-73.67062267,40.70863577
-73.6806282,40.7310314
-122.4155725,37.703303
-73.442846,40.735028
-73.2527965,40.7248725
-73.6025832,40.7381267
-73.5276249,40.7670782
-73.633249,40.69957295
-122.4191244,37.7428686
-73.99585959,40.74377755
-73.90329571,40.81555219
-122.2653429,37.79712002
-73.99862291,40.73720237
,
-74.01364581,40.71482029
-73.68226597,40.63344453
-122.394479,37.77666511
-122.3953265,37.77683146
-73.98439075,40.67792234
-73.98369776,40.76290478
-122.4436213,37.66360566
-73.97738433,40.74213451
-73.9569979,40.74578414
-122.4188895,37.73885233
-121.9277081,37.36843999
-74.01121016,40.72922885
-122.4049211,37.7966649
-73.64552389,40.6555934
-74.0060816,40.7484396
-73.98016325,40.75151168
-73.94053445,40.70201834
,
-73.9651443,40.8096671
-73.6480256,40.6571723
-73.7652253,41.0290024
-73.7652253,41.0290024
-71.06558936,42.36123917
,
-73.6024106,40.7161866
-71.06146856,42.40590553
-73.98776581,40.74085363
-73.9920904,40.7483606
-73.73169095,40.67405107
-73.6494217,40.7099252
-73.9646181,40.6883108
-74.0009579,40.757576
-73.99205809,40.74248349
-74.01201464,40.71038667
-73.7324563,41.09977167
-73.6390322,40.72116633
-73.72397876,40.76496845
-73.72397876,40.76496845
-122.4135892,37.7714162
-73.66705542,40.75233964
-122.3984858,37.79155891
-73.7292952,40.7196808
-122.2814014,37.8114673
-122.2814014,37.8114673
-73.97937394,40.74048473
-73.642939,40.7425209
-73.908011,40.8369265
-122.3996087,37.7929717
-73.7690897,41.029733
-73.6275787,40.7901563
-122.4212234,37.785063
-73.9884623,40.7214311
-73.6451983,40.6569817
-73.52772,40.767065
-73.63622194,40.74927303
-122.4021954,37.7921113
-73.60004604,40.68709939
-122.3946246,37.7766948
-74.00595248,40.71073293
-73.615335,40.7396533
-73.5441085,40.7264438
-73.51306145,40.76614845
-73.51306145,40.76614845
-73.96745772,40.77091824
-73.9822115,40.7569619
-122.4154616,37.783575
-73.714078,40.6789595
-122.3923958,37.7870828
-73.78921369,40.64690209
-73.9737197,40.7386059
-73.6446559,40.7624428
-73.5279293,40.6933576
-73.98488698,40.75106003
-73.9742562,40.74657917
-73.96307268,40.77501414
-122.4327968,37.78614061
-73.9929658,40.7389486
-71.0542297,42.3677542
-73.9738884,40.7433004
-121.9409794,37.3466762
-122.1625346,37.444973
-122.3865352,37.61774154
-73.7186827,40.64147
-122.4895359,37.7723196
-122.3994581,37.7877172
-122.4039309,37.79020803
-122.4039309,37.79020803
-73.8738895,40.7257824
-122.3914586,37.78906186
-122.3914586,37.78906186
-73.60312714,40.71519226
-122.4041792,37.77974081
-73.988265,40.764088
-122.3971178,37.7925683
-122.4329968,37.6473626
-122.4199241,37.80770003
-122.3871516,37.61772123
-71.22383672,42.48672365
-74.0112676,40.7295195
-73.6407352,40.7406508
-73.9856865,40.7293864
-122.3986133,37.78708868
-122.4095869,37.8021854
-73.95099121,40.71183862
-73.8275806,40.76031657
-71.06129103,42.35478435
-122.4008864,37.7980781
-122.458582,37.71230121
-122.4184305,37.78777829
-122.4056001,37.7854206
-74.00141049,40.75663914
-122.4093324,37.80121597
,
-74.0010882,40.76269238
-73.98712297,40.75351313
-73.84780093,40.67368655
-122.4010899,37.78549788
-71.17026868,42.28792978
-122.3964159,37.7771894
-73.8585988,40.7285447
-122.414169,37.7894752
-73.9906129,40.7503064
-73.98474321,40.75628052
-73.98729265,40.76854484
-122.231635,37.48636866
-122.3979185,37.792529
-73.6008569,40.71657096
-122.4217493,37.78794778
-122.3940459,37.79248185
-122.2927964,37.87322246
-73.92392792,40.70668042
-122.4039808,37.79044747
-73.58848538,40.78969967
-73.75142514,41.03389657
-73.9925007,40.7488671
-73.87162574,40.77400873
-73.9509395,40.77897188
-73.9125641,40.7682866
-73.9902946,40.75085658
-122.2637113,37.5696608
-73.93941203,40.80528829
-73.90884785,40.877439
-71.01877434,42.36315184
-122.406799,37.7529952
-122.3956074,37.77655539
-73.92292958,40.6701488
-73.500607,40.77299261
-73.70953129,40.68302754
-122.3860741,37.61794713
-73.95484353,40.73384627
-73.9727358,40.7434279
-73.65016491,40.75473294
-73.98752206,40.76861789
-122.4797232,37.78550622
-73.6434187,40.74115823
-122.4034855,37.77283964
-73.6408649,40.7397232
-73.61714051,40.73810633
-73.61714051,40.73810633
-73.61714051,40.73810633
-73.99136391,40.75023562
-122.3947949,37.7769186
-71.09924278,42.37271512
-73.70727682,40.63168286
-73.70727682,40.63168286
-122.3974657,37.7752518
-121.9273241,37.3680476
-73.8282576,40.9505297
-122.3963947,37.7940532
-73.6459031,40.6584401
-122.419177,37.79352674
-73.59561084,40.73212689
-73.59561084,40.73212689
-73.9752234,40.7651394
,
-122.4674942,37.77148278
,
-73.61315969,40.74032779
-122.8054601,38.5103593
-73.7650704,41.0293347
-122.1971353,37.75364188
-73.99336891,40.73632994
-73.9434716,40.8357554
-73.8714756,40.7739809
-73.97584858,40.74064521
-73.98042406,40.77516548
-73.62967749,40.75218827
-73.60313242,40.71536765
-122.3887533,37.78448961
-73.6342971,40.73379833
-73.6342971,40.73379833
-71.05613952,42.36197481
-71.05613952,42.36197481
-122.4220976,37.76704848
-73.9079246,40.8643161
-122.4025579,37.7883524
-73.68430122,41.00327872
-73.95178515,40.76863503
-73.95178515,40.76863503
-73.9774649,41.0930617
-122.404724,37.78875715
-122.4131809,37.80854017
-73.9585124,40.71908092
-73.7732666,40.7660507
-73.82051866,40.69848098
-73.82908801,40.87541278
-73.92360863,40.74167498
-73.80354387,40.71700372
-122.3970503,37.78611211
-73.70921541,40.73187763
-73.9847935,40.7483659
-122.4081767,37.76930294
-73.77665329,40.64572144
-122.4476415,37.76117338
-73.9909261,40.7520838
-122.3850884,37.61492556
-122.3862694,37.6179609
-71.11370854,42.36449288
-73.764953,41.0284655
-73.96930575,40.64117155
-72.95818144,40.79142626
-73.6299998,40.6670651
-73.64774477,40.74714052
-73.64561711,40.65556508
-73.64561711,40.65556508
-73.77297283,41.03345728
-73.6407498,40.7390845
-73.71743395,40.67594039
-71.06754762,42.34114762
-73.7648978,41.02852373
-73.9883883,40.7537709
-74.01115695,40.72914467
-73.91723519,40.86715089
-74.07611777,40.60536209
-122.3987038,37.79077018
-122.3987038,37.79077018
-122.3987038,37.79077018
-122.4021978,37.7886299
-73.9922052,40.75383648
-122.2726772,37.8124173
-122.389894,37.76363397
-73.91149,40.8917635
-73.979561,40.7529583
-73.9926183,40.736994
-73.9946383,40.7503817
-73.9726752,40.7808395
-73.65332477,40.77802607
-73.99523676,40.66847464
-73.801573,41.0903395
-73.6057454,40.7231115
-73.70898647,40.67502698
-73.9522779,40.7731171
-73.994048,40.7515842
-121.9790965,37.34604659
-73.4722975,40.8113842
-73.5973782,40.7550894
-71.13237368,42.35312812
-71.1577362,42.34531766
-73.8657522,40.77098636
-122.5315045,37.972512
-122.4280843,37.78964027
,
-122.4010186,37.7926565
-73.6045645,40.7201777
-73.9875819,40.7661708
-73.88718314,40.91088166
-73.64040645,40.74070196
-73.8713963,40.7740633
-73.8730849,40.77412
-73.6034643,40.7337416
-73.6034643,40.7337416
-73.9798369,40.7497279
-122.4174315,37.78193775
-73.98112496,40.76346971
-73.9916958,40.750045
-122.3225845,37.56391518
-73.97406044,40.75230989
-73.5276145,40.7669484
-71.02142762,42.36536005
-73.6586846,40.6773579
-73.5279345,40.7674634
-71.10554353,42.34975707
-71.10664065,42.35368963
-73.99141948,40.75791062
-71.20898956,42.04740357
-122.405637,37.78339
-122.4450484,37.76878761
-122.4056517,37.79009043
-73.6354991,40.7571789
-73.7755843,41.06344609
-73.7755843,41.06344609
-73.93228347,40.69827126
-73.11995778,40.91356249
-73.77549472,41.03304396
-73.97038735,40.75643559
-122.4106579,37.80026714
-73.7125737,40.6142889
-122.2285616,37.48652096
-73.63452848,40.76909299
-122.1152006,37.89250962
-73.7347167,41.03447
-73.7097367,41.077545
-122.3967242,37.7942871
-73.98224671,40.7393207
,
-122.3934331,37.78925106
-73.97932688,40.75534491
-122.2323656,37.77151837
-73.9800308,40.7621579
-71.02150063,42.3653331
-73.7180758,41.0168973
-73.659028,40.6472847
-73.65078136,40.66690458
-73.6455881,40.6557681
-122.2459883,37.80851291
-122.418646,37.7764406
-121.814491,37.7027661
-73.7763033,40.64557138
-73.9381348,40.7005151
-73.6264822,40.704449
-73.65216589,40.65794047
-73.679613,40.7312276
-122.4067963,37.80734686
-73.8066955,40.7064787
-73.60450085,40.64137515
-74.00329596,40.75150937
-73.7031886,40.6609006
-73.69692039,40.67301629
-73.9785129,40.72706043
-122.3944961,37.77649609
-73.76692135,41.03654567
-122.3963666,37.7940366
-73.98005387,40.67618335
-122.4682528,37.7828964
-73.6936767,40.6873588
-73.6936767,40.6873588
-73.99416271,40.75254839
-122.4361448,37.7231414
-73.97988615,40.75063623
-73.6406857,40.74138957
-122.3951605,37.7769213
-74.03826493,40.62993238
-122.4143213,37.77830428
-73.6373,40.7422706
-73.6860146,40.6703575
-122.4348698,37.7609371
-73.5334782,40.746863
,
-73.64680356,40.75470849
-73.70395725,41.06881189
-73.98315693,40.76772349
-73.98315693,40.76772349
-73.7770647,41.0331321
-73.70859135,40.67711927
-74.00051334,40.75208256
-73.5302264,40.774561
-122.0609287,37.89322725
-73.68311416,40.6894461
-73.9784038,40.7665224
-71.0765724,42.3533402
-73.52787291,40.76712712
-121.816922,38.0050419
,
-73.97501746,40.74703329
-73.98679606,40.75269135
-73.57261995,40.71244396
-73.57261995,40.71244396
-73.976927,40.747635
-73.5847401,40.71764581
-71.0612269,42.3533833
-73.6115243,40.7347234
-73.76556,41.0300897
-73.76556,41.0300897
-74.013373,40.7134339
-73.68297449,40.76419019
-73.62664827,40.71004066
-122.2515134,37.8600392
-73.99879883,40.73976723
-122.39654,37.7939583
-73.6075635,40.7208376
-73.5276071,40.76712131
-73.5276071,40.76712131
-71.13417407,42.29126318
-73.61264689,40.70858045
-73.61264689,40.70858045
-73.6069223,40.7413646
-73.587381,40.7239316
-73.9886512,40.7587014
-122.3896812,37.61521117
-122.3989602,37.78867354
-73.7790327,41.0360826
-73.6454476,40.7043214
-122.4494169,37.76683279
-73.6988839,41.049206
-73.63993711,40.74426066
-73.5495478,40.6968159
,
-73.9863539,40.7618698
-73.96448968,40.77139494
-73.9949417,40.7604651
-73.6270859,40.6263327
-73.6045196,40.715555
-71.0621947,42.3553096
-122.4071394,37.78324218
-73.6405424,40.7406948
-73.95630307,40.70780072
-121.9773482,37.3984029
-122.2604057,37.86860307
-73.9714659,40.7560363
-122.4004371,37.79002609
-73.68483561,40.62652627
-122.2122771,37.71227322
-73.6247708,40.7061359
-122.3954469,37.7766531
-73.8121969,40.75173509
-73.64016032,40.74066028
-73.64016032,40.74066028
-122.3901866,37.61589031
-122.3943496,37.7765949
-122.3933575,37.79190873
-122.4360182,37.7609306
-73.8832035,40.8406898
-122.2501498,37.8009085
-122.3925981,37.78634035
-73.99676495,40.75268338
-73.93489483,40.80242967
-122.2485708,37.8067762
-73.96325864,40.76505793
-73.91353039,40.76563858
-73.99009117,40.75165934
-121.9274189,37.3681872
,
-73.77455777,41.03307343
-73.64051789,40.74013542
-122.3953924,37.77682152
-71.07218005,42.34839369
-122.3966847,37.79378934
-122.4136121,37.78760157
-73.63178604,40.71870537
-73.99130454,40.7529612
-73.9791837,40.74420603
-73.6476735,40.6585563
-73.98356921,40.76065353
-73.98501789,40.74504884
-71.15084957,42.56715269
-71.14012803,42.65581835
-73.6013888,40.6540743
-73.7738988,41.0342261
-73.7738988,41.0342261
-73.68077374,40.73496689
-73.62457157,40.79212074
-73.6427576,40.7363944
-73.6938902,40.6758905
-73.61905988,40.75371184
-73.98182547,40.7666947
-73.97408662,40.75676659
-122.3931936,37.79051864
-73.9798369,40.764274
-73.9934893,40.7216292
-73.98518031,40.76108103
,
-122.3858641,37.61795009
-73.77107293,40.76378136
-73.93194675,40.85257096
-122.4233603,37.77772167
-73.6090151,40.6967807
-73.60445333,40.74328698
-122.1263226,38.2232865
-73.889808,40.75389102
-73.97899054,40.75254018
-71.09260122,42.36599108
-73.92523664,40.69342811
-73.6039522,40.7157258
-73.94330066,40.71462939
-122.4211178,37.7850938
-73.95839914,40.76044314
-73.6388205,40.76911902
-122.4205797,37.80643994
,
-71.05178587,42.35665686
-122.4012729,37.79206344
-122.4278575,37.80400847
-73.9931688,40.7525002
-73.71325672,41.02335633
-73.71325672,41.02335633
-73.71325672,41.02335633
-71.12535548,42.3520781
-73.86237019,40.76845679
-122.4184478,37.80784495
-122.4184478,37.80784495
-73.55530201,40.73883518
-73.95397702,40.76867
,
-122.4056867,37.79717762
-73.61441058,40.73687949
-73.99453343,40.74935036
-73.8856037,40.7732289
-73.1917939,40.7590206
-122.0395375,37.52988291
-73.6275242,40.7498759
,
-73.6389108,40.7713109
-73.9808809,40.764008
-73.70386689,41.06866491
-73.97925985,40.76221746
-73.91263523,40.76937076
-73.6146414,40.7313965
-73.6403156,40.740694
-73.64111108,40.74061726
-121.9833185,37.35223252
-73.5985666,40.791497
-122.4115024,37.7859887
-73.959295,40.7423112
-73.63568006,40.72627767
-73.6522754,40.746724
-73.6522754,40.746724
-121.9272747,37.36805815
-73.64035429,40.74068992
-73.60312329,40.71532566
-73.60312329,40.71532566
-73.60312329,40.71532566
-73.6156124,40.7403334
-73.6156124,40.7403334
-122.4072133,37.79815828
-122.4159081,37.777905
-73.69894898,40.99808711
-73.6306816,40.7345004
-122.2566778,37.77076879
-122.4074847,37.79175422
-73.93801456,40.84531283
-122.407872,37.783921
-73.97010747,40.75636619
-122.4078589,37.79027443
-73.93547606,40.6968843
-73.9496719,40.76199983
-122.4365825,37.79982465
-122.3947256,37.77671251
-73.95564207,40.7725148
-122.4020729,37.78941179
-122.3964777,37.79376979
-73.91983006,40.74248722
-73.96770297,40.78770507
-122.4337733,37.77205594
-122.4092752,37.7920048
-122.4202939,37.7809101
-73.9803267,40.75128436
-122.3952337,37.77689
-122.429809,37.77725043
-73.65564672,40.73225331
-73.64352427,40.74742188
-73.6664258,40.5845539
-73.6664258,40.5845539
-73.64070129,40.74030444
-73.77545999,41.02308907
-73.76497809,41.02870859
-73.76497809,41.02870859
-73.5677751,40.6993705
-73.643427,40.7475427
-73.9267413,40.8648288
-122.4234485,37.7795895
-122.4050291,37.79164181
-122.5010941,37.73789537
-73.95942756,40.8011354
-73.58901512,40.74523242
-73.9938604,40.7513519
-122.4070449,37.78852064
-73.88561945,40.7731992
-122.4095376,37.7900666
-73.95738143,40.77947406
-73.99710568,40.75375631
-73.6143085,40.7208833
-73.56104454,40.77072765
-73.8114264,40.6994146
-73.60007068,40.66963873
-122.4270092,37.76298854
-73.59299166,40.72862011
-73.71448156,40.64862084
-73.9905546,40.75107096
-73.52761231,40.76732827
-73.52761231,40.76732827
-73.8350891,40.70725527
-73.99467283,40.75038494
-73.99262706,40.73552395
-73.9606553,40.7663692
-73.9606553,40.7663692
-122.4212642,37.78508193
-73.98542893,40.72734183
-73.9861608,40.7558464
-73.9851815,40.74223237
-122.4231679,37.76646802
-73.5314402,40.7772544
-122.4428325,37.7658357
-73.69090185,40.74808264
-73.6194327,40.713084
-73.9727754,40.7559913
-73.5623466,40.7860743
-73.6796988,40.6688229
-121.9554178,37.41804994
-73.9853522,40.7443694
-73.9787994,40.7639001
-73.89797543,40.66576421
-73.68566168,40.63328372
-73.77485065,41.03297234
-73.78330832,40.69893958
-122.3916211,37.77716547
-122.3949349,37.79437765
-73.7040401,40.6503968
-73.7040401,40.6503968
-73.7077708,40.6707011
-73.7210021,40.6582869
-73.7210021,40.6582869
-73.7772434,40.6466269
-73.59483698,40.74604932
-73.950945,40.7695815
-73.9737206,40.7633911
-73.84407358,41.06619041
-73.99710831,40.71348005
-122.4151185,37.77831111
-73.98694475,40.75605272
-73.76503104,41.02871672
,
-73.9684278,40.7589773
-73.9725808,40.76238065
-122.4065944,37.78942756
-73.78375188,40.64417533
-73.6017873,40.7108514
-73.7263577,40.7870205
-122.370889,37.60246069
-73.86904889,40.73987567
-73.783566,40.6441502
-122.4205865,37.7900155
-73.6129615,40.741266
-122.4018226,37.7885426
-73.80355209,40.66067654
-73.80355209,40.66067654
-73.5987323,40.7129352
-73.72942547,41.00103029
-73.9314682,41.2844976
-73.24239129,40.72247028
-121.9316304,36.6168985
-73.6402812,40.7406418
-73.96920279,40.79937634
-73.61215462,40.7358946
-121.9153915,37.9743803
-73.42483024,40.76343522
-73.5946787,40.7040647
-122.3965996,37.79426375
-122.4153292,37.78906882
-122.4055338,37.79041272
-73.6555807,40.7421096
-73.60983582,40.67802837
-73.60983582,40.67802837
-73.58916809,40.707928
-73.7077222,40.6855419
-122.4085814,37.78898391
-74.00524105,40.70824466
-122.0439815,37.5658052
,
-73.9974862,40.7300996
-74.01455098,40.71081948
-73.769044,40.6611421
,
-73.98526499,40.75899942
-122.3983804,37.79172997
-122.3935761,37.77648201
-122.4040934,37.79264835
-73.99222062,40.74922346
-73.64556422,40.65556579
-122.4212957,37.765645
-122.4212957,37.765645
-73.62482888,40.71052273
-73.63960686,40.70687536
-73.52613827,40.75576583
-74.01115627,40.72914459
-73.6405817,40.7406589
-122.4121976,37.7783566
-73.6460082,40.65883356
-122.4116668,37.7699023
-73.5810679,40.758254
-73.99875373,40.76113322
-73.62547121,40.71761653
-73.6016467,40.7108848
-73.63974801,40.77871355
-73.9954956,40.7215213
-73.6581155,40.7215116
-73.99152819,40.75544377
,
-73.7228484,40.683303
-73.90654785,40.92352673
-73.8423131,40.7203934
-73.86832595,40.66473476
-73.99063546,40.72833389
-73.99063546,40.72833389
-73.99063546,40.72833389
-73.8643188,40.7700429
-122.246222,37.8107195
-73.97496128,40.75290584
-73.98491152,40.75025657
-122.4076045,37.78467278
-122.403721,37.7849281
-73.6482046,40.7514606
-73.53142306,40.77725451
-122.4238462,37.7353187
-73.7140853,40.6493225
-73.9536479,40.7880284
-73.99285555,40.74119087
-73.9937522,40.7522883
-73.99119325,40.74513749
-73.98663693,40.67306302
-73.5894004,40.747121
-73.62390974,40.70537186
-73.62390974,40.70537186
-71.0607624,42.3548489
-73.982207,40.7792153
-122.3983497,37.79341833
-122.3972742,37.79449965
-73.6088104,40.7323868
-73.9738112,40.7555983
-122.4305403,37.78922215
-73.97539859,40.74867592
-73.70405464,41.06916079
-122.3975777,37.78840807
-73.97744928,40.75841447
-71.0713553,42.3702058
-71.08200568,42.34886607
-73.6694557,40.6400013
-73.6735693,40.6520672
-122.4608432,37.69204506
-122.3994146,37.79322142
-73.6900836,40.6869492
-73.7034296,40.6609596
-73.62371697,40.74245139
-73.62371697,40.74245139
-73.76504864,41.0287567
-73.76504864,41.0287567
-122.4015893,37.79524627
-122.3962076,37.77738
-122.4243693,37.77669674
-73.9114833,40.8406537
-73.64041823,40.74072874
,
-71.0650509,42.3574856
-73.78269274,40.73372826
-122.2695163,37.79462246
,
-73.9421836,40.728676
-73.9878083,40.74981304
-122.4184605,37.80692854
-73.7036319,41.0684051
-73.775388,41.0360041
-73.67742375,40.78017967
-122.401359,37.78764751
-73.6441784,40.7112263
-73.5941709,40.7173007
-73.98357687,40.76657995
-122.4422986,37.74587784
,
-71.0482853,42.3317155
-73.99519142,40.75541023
-73.99519142,40.75541023
,
-73.9531111,40.6949024
-122.4085835,37.7888157
-73.7821346,40.6448541
-122.3984278,37.7868978
-71.061833,42.3651008
-73.99490057,40.7184926
-122.117208,37.7035457
-73.9635655,40.7578256
-73.98315449,40.71900216
-71.06112566,42.35141398
-74.00455531,40.64033421
-73.8311757,40.7555954
-73.9634251,40.8088514
-74.00772794,40.72481881
-73.812048,40.9569672
-73.6489095,40.7784898
-73.8927509,40.6401396
-121.8261581,37.31036295
-73.6408337,40.7405884
-73.76235405,41.03242345
-73.54507182,40.7309494
-73.98468588,40.73945967
-73.9919897,40.75568511
-73.97839869,40.74750857
-73.6722785,40.6567855
-73.81460021,40.81702887
-73.81460021,40.81702887
-73.82280484,40.70059225
-73.76763163,41.03300063
-74.0032428,40.7563602
-122.3900803,37.6156265
-73.83559001,40.85140087
-73.6103479,40.75671898
-73.99517105,40.7357773
-122.3942313,37.7765066
-73.871902,40.97134176
-74.00577924,40.7428501
-73.95697824,40.7706282
-73.98390946,40.75149047
-122.4104726,37.77697721
-122.3901379,37.78802405
-73.86441244,40.76987576
-73.62654325,40.78717638
-73.7092024,40.6700695
-122.4084331,37.78770148
-71.0988377,42.3470044
-73.99789047,40.74606055
-74.00773636,40.73234843
-73.65845148,40.75633421
-122.3986609,37.7889339
-122.4008438,37.7852851
-122.4115095,37.80682563
-73.60221217,40.73407162
-73.6588854,40.7717374
-73.96907408,40.75591771
-73.55939129,40.66784918
-74.0052417,40.7199988
-73.5873174,40.723824
-73.5873174,40.723824
-73.59899612,40.71475408
-73.63031879,40.7159284
-73.955523,40.7378891
,
-73.6995797,40.7966366
-73.7607012,41.0298875
-73.5929894,40.7424247
-73.5929894,40.7424247
-73.5275656,40.7669587
-73.70093188,40.67819702
-73.99689289,40.68499577
-73.5932381,40.636803
-73.60959827,40.74147247
-73.70364586,41.06838345
-73.7650735,41.0288954
-73.7662949,41.0329151
-73.4738718,40.7706464
-73.7035836,41.0683431
-122.384139,37.61713124
,
-122.403536,37.79275606
-73.5577062,40.7695144
-73.80700093,40.6655799
-73.86400105,40.76981013
-73.9577967,40.783075
-122.3952152,37.77691663
-122.3955151,37.7766203
-73.9384404,40.6883568
-73.95523944,40.76748476
-122.0786847,37.394791
-73.6481063,40.7476025
-122.4159693,37.78063274
-73.63071066,40.73651599
-73.6095372,40.7414296
-73.6096636,40.7414019
-73.6483055,40.7086105
-122.3990802,37.78629356
-73.96399858,40.67825435
-73.7649293,41.0285353
-73.95691328,40.69073486
-122.3898299,37.6159144
-73.5240321,40.7487885
-71.08161807,42.34935899
-73.58924939,40.71422906
-73.97894275,40.74055646
-73.60317651,40.71530144
-121.8693537,37.69477383
-74.00901782,40.72635854
-73.60363055,40.71866166
-73.98885168,40.71867356
-73.6430378,40.7772139
-73.60194532,40.71684368
-73.8980752,40.8622486
-72.9817872,40.9428153
-122.4277569,37.80053769
-122.4383252,37.7883379
-73.9705167,40.7562239
-73.98533543,40.75536352
-122.4334626,37.73332094
-73.6404,40.7406706
-122.3858765,37.61792206
-73.42743038,40.76998866
-122.4045187,37.77050591
-122.3963218,37.7762311
-73.97368151,40.76336536
-73.97277703,40.7958505
-73.97277703,40.7958505
-73.96975019,40.75948532
-73.98273727,40.7618161
-122.4183092,37.7718025
-73.6918398,40.6755461
-73.8758794,40.8798833
-122.3945295,37.75287932
-122.407619,37.7894067
-122.3994613,37.78843114
-74.0298314,40.6172917
-73.97814262,40.75437197
-73.96456617,40.7982163
-122.4349763,37.79620608
-122.4254589,37.77241281
-121.9911086,37.52180371
-73.78201523,40.64502144
-73.7821166,40.6447564
-73.9600453,40.7585356
-73.5709072,40.7456458
-73.9908573,40.75574471
-73.86313152,40.89084422
-73.84959969,40.82608509
-73.99149785,40.75025934
-73.5914491,40.7097131
-122.4111962,37.80591753
-73.7039891,41.06895279
-73.7039891,41.06895279
-73.77478131,41.03318461
-73.77478131,41.03318461
-73.9361567,40.6974615
-71.0736191,42.3702563
-73.60404513,40.7156075
-122.4049134,37.75179734
-73.6124187,40.735753
-73.4977713,40.703117
-73.4977713,40.703117
,
-122.293098,37.83940692
,
,
-73.952766,40.77648568
-73.63331153,40.70841821
-73.62526668,40.70271735
-73.61181138,40.73640263
-73.98086289,40.7648431
-73.77672021,40.64590862
-73.7284272,41.0224727
-73.6929527,40.6531008
-73.9829934,40.7645872
-73.97713881,40.76471074
-122.3957129,37.77652858
-73.78246416,40.64465809
,
-73.6397362,40.741596
-74.00037736,40.75795935
-73.99460864,40.75061428
-73.99460864,40.75061428
-71.0603032,42.3582818
-73.97860685,40.72016171
-71.0762466,42.384688
-122.3995875,37.7909056
-122.0693559,37.36945
-122.3926294,37.78721165
-122.4799097,37.679069
-73.96845164,40.79989647
-73.7414267,40.765645
-73.5276528,40.76722954
-122.39434,37.77655982
-73.6338289,40.6430692
-73.58843115,40.7470673
-73.76537486,41.02957899
-74.00002016,40.75336602
-121.927727,37.3684011
-73.75391012,40.9301542
-74.0040798,40.7220219
-71.19145914,42.3306619
-122.4077214,37.78371341
-122.4115316,37.80015671
-73.52762634,40.76719224
-73.49819226,40.76850862
-73.61077328,40.73855212
-73.61077328,40.73855212
-73.60140626,40.80210867
-73.6833665,40.7495193
-73.640635,40.7406867
-73.7756993,41.03359964
-73.75386207,40.59746912
-122.4384945,37.8005459
-71.05731822,42.35557747
-73.9571161,40.712882
-122.0791404,37.39343226
-73.6031274,40.7154546
-122.4043101,37.7878908
-122.4043101,37.7878908
-73.6632285,40.7518371
-73.9885629,40.7274769
-73.91998504,40.73511605
-73.7041086,41.0690081
-73.64105555,40.74060494
-71.236796,42.3722011
-73.4477646,40.7521705
-71.09462118,42.34693841
-73.90324298,40.61974712
-122.4175686,37.77650081
-122.2474098,37.7567484
-73.66490296,40.76454198
-73.9628022,40.7681348
-122.4074879,37.8005938
-122.3920914,37.7729637
-71.05323321,42.35842389
-71.05323321,42.35842389
-73.6399602,40.7403769
-73.97187957,40.75711341
-73.965271,40.7617509
-122.3873421,37.61760325
-73.8646845,41.0760899
-71.0521208,42.3583437
-73.9839391,40.74359088
-122.4562106,37.7814749
-122.4109694,37.78703713
-122.0788852,37.41634457
-122.0788852,37.41634457
-122.1051021,37.39712013
-122.422855,37.76479751
-71.13342542,42.64908027
-73.99231188,40.74517837
-73.78252369,40.64481008
-73.97723097,40.73666475
-122.4223164,37.7892238
-122.4228061,37.79186324
-73.98235168,40.73173269
-122.2579917,37.75880407
-73.98244989,40.64086636
-73.61506658,40.75856836
-122.4621715,37.68622777
-73.69775631,40.58453956
-73.6455035,40.6559655
-122.4062078,37.78541774
-73.70394923,41.06869881
-73.9592558,40.76019196
-73.9409654,40.7155339
-73.8991994,40.6493408
-73.91357553,40.77379886
-73.68608979,40.73298879
-74.00908073,40.70615761
-122.4211294,37.78511683
-73.98122016,40.75363649
-73.78135658,40.6684818
-73.9609319,40.8154189
-73.77500343,41.03330242
-73.53698427,40.69130042
-122.2474155,37.83794768
-122.3937742,37.77600847
-73.96201465,40.75704011
-73.7890626,40.6468288
-73.51706402,40.71617429
-73.52074569,40.73849706
-73.6290372,40.7171493
-122.3866229,37.617963
-73.70223686,40.67624537
-73.71748857,40.66610566
-73.64148432,40.74112403
-73.667128,40.68614298
-122.4131568,37.77116003
-73.95877842,40.8100231
-74.1706891,40.5611389
-73.98523975,40.76029566
-73.98515462,40.73240901
-74.002338,40.7189375
-73.9937084,40.7519743
-122.4128436,37.77098926
,
-73.7041003,41.0690753
-122.2540962,37.4800447
-73.6497774,40.7067478
-73.70682905,40.66524945
-73.70682905,40.66524945
-73.99454635,40.7506027
-73.8969322,40.8798955
-122.3905833,37.78065285
-73.64561501,40.65842436
-73.64561501,40.65842436
-73.9945642,40.75056444
-73.9945642,40.75056444
-73.9945642,40.75056444
-122.4455216,37.7706887
-73.7821977,40.64491814
-71.0546157,42.3563367
-73.97244285,40.68961367
-73.64643744,40.65805417
-73.7241119,40.682575
-73.64029007,40.71025779
-73.64029007,40.71025779
-74.00982635,40.70745167
-73.9723593,40.7499299
-73.98072752,40.75269353
-122.4495537,37.8013031
,
-73.7378243,40.7495258
-73.94487695,40.77927564
-73.9364403,40.8494478
-73.98310564,40.73052457
-73.77675382,40.6461284
-73.691433,40.6872367
-73.965937,40.7922362
-73.98876367,40.75864711
-73.98876367,40.75864711
-73.98876367,40.75864711
-73.98876367,40.75864711
-73.98499634,40.75039102
-73.6053493,40.7167212
-73.72680154,40.78733275
-73.987682,40.7552343
-73.94528767,40.69957363
-121.9243809,37.36550681
-73.9773961,40.7626827
-122.4086495,37.78636265
-73.99927416,40.73190754
-73.63366116,40.73639427
-121.9240604,37.3652227
-73.99976113,40.75379004
-122.3985904,37.79148818
-73.64103876,40.74004843
-73.98713323,40.71884054
-73.9829576,40.7843321
-73.61099939,40.738623
,
-73.7057836,41.072946
-122.3956035,37.77667902
-122.3900738,37.61540226
-73.64027515,40.74075091
-73.9913204,40.750113
-73.95705892,40.78264853
-122.3944342,37.77753633
-73.9422958,40.811928
-73.9492114,40.7627664
-73.96678013,40.7608134
-73.5996836,40.7455623
-74.0118215,40.709584
-73.9717338,40.7873525
-73.86235868,40.76841479
-122.4194194,37.79444694
-122.4085476,37.78468525
,
-73.67392623,40.65521941
-73.72014371,40.66406928
-73.63299706,40.71338014
,
-73.86225209,40.7684699
-73.77480185,41.03323897
,
-73.59889168,40.71413068
-73.59889168,40.71413068
-73.5861607,40.6678426
-73.6454877,40.717177
-73.63185327,40.7467192
-73.9229291,40.6272793
-73.71441052,40.68846145
-71.147904,42.4042417
-73.65767472,40.7486783
-73.7246025,40.6785244
-122.4039416,37.79091879
-73.64079374,40.74019548
-73.60840657,40.7417312
-73.9630235,40.7648659
-73.70452972,41.06964654
-73.51604931,40.71898981
-73.99143322,40.74987114
-73.99110809,40.75208453
-73.6345619,40.7852078
-73.98111678,40.73767999
-73.60402467,40.747172
-73.6000144,40.669679
-73.7173606,40.6661943
-73.96195017,40.7661405
-122.4126571,37.78572582
-73.62310616,40.75483158
-73.9908661,40.7608332
-73.66131487,40.73591129
-73.7155117,40.6311095
-73.9899572,40.7470086
-73.78252376,40.64478838
-122.4813904,37.75777862
-74.0088857,40.7314024
-73.627152,40.7321273
-73.627152,40.7321273
-122.4383129,37.77499606
-73.88574865,40.75245067
-122.4027837,37.75699777
,
-73.78344451,40.64434322
-73.6119925,40.6429757
-73.70800185,40.66747597
-122.3955262,37.7773777
-73.61315616,40.74032546
-73.61315616,40.74032546
-73.6054927,40.735131
,
-73.60384405,40.71529205
,
-122.4205262,37.78975352
-73.7002993,40.6837456
-122.3863546,37.61795881
-73.76516393,41.02901896
-73.9818993,40.7580913
-122.2837904,37.78527588
-73.95350318,40.76718729
-73.5826944,40.6759617
-73.5847371,40.6705159
-73.4379257,40.680406
-74.00760733,40.70501694
-122.4327606,37.78353855
-122.4327606,37.78353855
-73.59491305,40.74603985
-73.59491305,40.74603985
-73.61315653,40.74032538
-73.6181045,40.8091983
-73.9863546,40.7403269
-73.62357245,40.75565175
-73.9121571,40.7674223
-73.98452498,40.76830401
-73.9949793,40.7182785
-122.4079934,37.78616852
-122.4354307,37.79674893
-73.9447708,40.7269354
-73.9822673,40.7617932
-73.9825438,40.7476992
-121.9226621,37.3643462
-73.7038152,40.6610941
-122.3840202,37.61679905
-73.7896177,40.6465823
-73.82799315,40.75468066
-122.4079578,37.7859222
-74.0111223,40.7291712
-73.61328996,40.73602654
-73.61328996,40.73602654
-73.58143914,40.71511347
-73.70382305,41.06860771
-122.1616504,37.4437827
-122.2115625,37.71165957
-73.9369821,40.7499808
-73.9646568,40.7606546
-71.18608643,42.36442406
-122.432609,37.76452929
-73.95936812,40.71700408
-73.49879888,40.75544973
-73.6174345,40.7493971
-73.7360515,40.6658335
-73.4352181,40.8461266
-73.589271,40.7079684
-73.604493,40.7201688
-122.4054416,37.79254857
-73.9215613,40.7776087
-73.94422414,40.61815121
-122.4110617,37.78892264
-73.99241284,40.7494994
-73.7079528,40.67770392
-73.7079528,40.67770392
-73.6157186,40.7378898
-73.97573878,40.74718595
-122.4027142,37.78902486
-122.4746202,37.8077212
-122.4098047,37.7890684
-73.9298727,40.6376294
-122.4016661,37.7891257
-122.3845132,37.6154511
-73.86500746,40.77042941
-122.4097681,37.78660043
-122.3843309,37.61580436
-73.84948835,40.72318148
-71.09414893,42.34817811
-122.4193029,37.76149399
-73.594819,40.62633881
,
-73.64772968,40.65642167
-73.64087806,40.6665701
-73.61582623,40.64218689
-122.449508,37.78082113
-122.449508,37.78082113
-73.53458849,40.78956267
-73.95628505,40.77871678
-73.98847466,40.74704421
-71.05939144,42.35595362
-73.70406549,41.06891615
-73.70406549,41.06891615
-73.9899311,40.75095864
-74.0012107,40.756886
-73.58934604,40.75745361
-73.99582819,40.74985001
-73.6535098,40.70682402
-73.59060533,40.65230238
-73.59060533,40.65230238
-73.87261254,40.77419382
-73.68590485,40.68152256
-71.08739044,42.34733644
-122.3969659,37.79516255
-73.99466868,40.75052973
-73.86597231,40.92024371
-73.9886642,40.7514569
-73.62361335,40.74210383
-73.9403551,40.8413508
-73.886361,40.7692856
-73.96897919,40.75815818
-73.9806313,40.7554294
-122.390849,37.61616812
-122.4214993,37.77374389
-73.87185133,40.77402935
-73.90159247,40.81204427
-122.4071608,37.77886972
-122.3957023,37.77653688
-73.95735714,40.73423439
-73.6863383,40.6956856
-73.5880143,40.7131049
-74.00423584,40.71298344
-73.99136916,40.74995897
-73.98253032,40.7525047
-73.98253032,40.7525047
-73.64024296,40.74168641
-74.00557911,40.74197986
,
-73.9910342,40.7452202
-122.2493641,37.8641413
-122.4109582,37.7862019
-73.8405453,41.065082
-122.4236211,37.79708829
-73.6196276,40.7364373
-73.7218995,41.0158748
-71.1199247,42.37253052
-73.96008094,40.69790362
-73.4556532,40.67938325
-73.69775458,40.75720508
-73.73167159,40.64893177
-73.6408692,40.7401052
-73.862469,40.9019385
-73.60180557,40.71693134
-73.7083086,40.6329985
,
-73.7648619,41.0285543
-73.7648619,41.0285543
-73.8968653,40.9135797
-122.4183565,37.7879505
-71.1297206,42.3487279
-73.0654346,40.8184159
-73.650728,40.7225023
-73.5874176,40.7254767
-73.5981925,40.7009257
-71.1073357,42.346184
-73.5891183,40.70684879
-73.98027733,40.74921177
-73.83312176,40.6879364
-122.4140298,37.78183844
-73.42038154,40.66204161
-73.5289546,40.7339705
-122.4157695,37.7948786
-73.5340432,40.7128951
-73.5412955,40.7173707
-71.1212332,42.3945159
-73.96990338,40.75716473
-73.52859249,40.76750204
-73.70348199,41.06835818
-122.1677688,37.799544
-73.97323593,40.75527605
-73.97323593,40.75527605
-73.98713331,40.7223406
-122.4832009,37.7726346
-121.9231055,37.3645931
-122.4055558,37.78674
-122.3865226,37.75005839
-122.3999155,37.63297347
-73.7130745,41.02303341
-73.9831412,40.7511931
-121.9233411,37.36403441
-73.94619391,40.72442769
-71.10370652,42.34475658
-122.4452049,37.7702621
-73.9869673,40.7558466
-74.00374247,40.60621859
-71.0558074,42.359263
-122.4225027,37.76488194
-122.458536,37.6931438
-122.4093682,37.78626841
-73.95914602,40.63382647
-73.99442657,40.75011384